Date,Open,High,Low,Close,Adj Close,Volume
2017-01-03,30.370001,30.559999,30.209999,30.540001,26.688772,22370600
2017-01-04,30.240000,30.420000,30.020000,30.100000,26.530123,22281000
2017-01-05,30.100000,30.360001,30.070000,30.170000,26.591818,18372500
2017-01-06,30.170000,30.350000,30.030001,30.230000,26.644705,15923200
2017-01-09,30.219999,30.330000,30.080000,30.180000,26.600632,17177800
2017-01-10,30.190001,30.549999,30.100000,30.379999,26.776911,21046000
2017-01-11,30.330000,30.410000,30.030001,30.150000,26.574192,22291300
2017-01-12,30.150000,30.160000,29.799999,30.040001,26.477238,18611100
2017-01-13,30.100000,30.219999,30.010000,30.070000,26.503677,17136600
2017-01-17,30.000000,30.250000,29.840000,29.990000,26.433163,21983500
2017-01-18,30.120001,30.180000,29.950001,30.030001,26.468424,15724000
2017-01-19,30.010000,30.190001,29.920000,29.980000,26.424353,16866000
2017-01-20,30.120001,30.250000,30.000000,30.100000,26.530123,22754400
2017-01-23,30.139999,30.299999,30.090000,30.270000,26.679962,17155300
2017-01-24,30.340000,30.750000,30.290001,30.600000,26.970819,24934200
2017-01-25,31.040001,31.049999,30.650000,30.700001,27.058962,23630500
2017-01-26,30.760000,30.840000,30.559999,30.740000,27.094217,20116800
2017-01-27,30.760000,30.980000,30.629999,30.980000,27.305754,18461900
2017-01-30,30.940001,31.000000,30.629999,30.830000,27.173540,15481800
2017-01-31,30.680000,30.889999,30.580000,30.719999,27.076590,16603100
2017-02-01,30.850000,30.850000,30.420000,30.500000,26.882683,19504600
2017-02-02,30.690001,31.260000,30.530001,31.180000,27.482033,27456700
2017-02-03,31.270000,31.350000,31.120001,31.320000,27.605427,21288800
2017-02-06,31.290001,31.309999,31.120001,31.299999,27.587799,16774200
2017-02-07,31.379999,31.639999,31.330000,31.450001,27.720009,18420200
2017-02-08,31.459999,31.549999,31.250000,31.270000,27.561359,20434300
2017-02-09,31.350000,31.690001,31.299999,31.500000,27.764080,18706900
2017-02-10,31.480000,31.629999,31.240000,31.510000,27.772892,21557700
2017-02-13,31.670000,32.000000,31.549999,31.969999,28.178339,26518800
2017-02-14,31.900000,32.310001,31.770000,32.310001,28.478014,31463500
2017-02-15,32.349998,32.840000,32.290001,32.820000,28.927526,41169400
2017-02-16,33.259998,33.970001,33.250000,33.599998,29.615019,50143700
2017-02-17,33.520000,33.770000,33.430000,33.740002,29.738411,31841200
2017-02-21,33.689999,34.209999,33.660000,34.130001,30.082157,26992700
2017-02-22,34.040001,34.150002,33.660000,34.090000,30.046902,26632700
2017-02-23,34.279999,34.279999,33.950001,34.040001,30.002829,17450100
2017-02-24,33.980000,34.320000,33.799999,34.320000,30.249619,21137300
2017-02-27,34.209999,34.320000,34.119999,34.259998,30.196743,15625400
2017-02-28,34.160000,34.290001,34.040001,34.180000,30.126230,23093100
2017-03-01,34.279999,34.509998,34.180000,34.439999,30.355391,22754200
2017-03-02,34.410000,34.529999,34.209999,34.389999,30.311319,16137700
2017-03-03,34.419998,34.439999,34.230000,34.290001,30.223181,14175000
2017-03-06,34.040001,34.279999,33.959999,34.189999,30.135044,17605100
2017-03-07,34.000000,34.250000,33.990002,34.200001,30.143858,21033700
2017-03-08,34.180000,34.230000,33.930000,34.020000,29.985209,18686700
2017-03-09,34.040001,34.110001,33.869999,34.070000,30.029278,17490200
2017-03-10,34.240002,34.299999,34.080002,34.259998,30.196743,19038400
2017-03-13,34.220001,34.330002,34.000000,34.099998,30.055717,16164800
2017-03-14,33.939999,34.139999,33.840000,34.119999,30.073339,14578400
2017-03-15,34.070000,34.349998,34.049999,34.240002,30.179113,14961700
2017-03-16,34.250000,34.480000,34.099998,34.230000,30.170301,14521600
2017-03-17,34.349998,34.380001,34.189999,34.230000,30.170301,26787200
2017-03-20,34.200001,34.389999,34.200001,34.279999,30.214365,14974100
2017-03-21,34.450001,34.470001,33.779999,33.880001,29.861813,21406000
2017-03-22,33.779999,34.200001,33.779999,34.099998,30.055717,16646100
2017-03-23,34.080002,34.259998,33.910000,33.959999,29.932322,16709300
2017-03-24,34.070000,34.299999,33.950001,34.080002,30.038086,18125100
2017-03-27,33.820000,34.029999,33.750000,33.990002,29.958765,17740600
2017-03-28,33.900002,34.209999,33.820000,34.020000,29.985209,21179300
2017-03-29,34.000000,34.049999,33.650002,33.740002,29.738411,16504100
2017-03-30,33.799999,33.930000,33.720001,33.740002,29.738411,12801600
2017-03-31,33.720001,33.880001,33.660000,33.799999,29.791302,14038500
2017-04-03,33.700001,33.939999,33.459999,33.580002,29.597391,19367800
2017-04-04,33.250000,33.419998,32.930000,33.410000,29.704084,18602600
2017-04-05,33.490002,33.529999,32.970001,33.000000,29.339554,17572500
2017-04-06,33.000000,33.279999,32.889999,33.080002,29.410686,15316800
2017-04-07,33.099998,33.150002,32.919998,32.959999,29.303997,13942800
2017-04-10,32.959999,33.220001,32.869999,33.009998,29.348450,14824100
2017-04-11,33.040001,33.080002,32.639999,32.919998,29.268429,18945800
2017-04-12,32.860001,32.959999,32.500000,32.619999,29.001707,25455100
2017-04-13,32.709999,32.849998,32.419998,32.419998,28.823887,16234900
2017-04-17,32.480000,32.669998,32.450001,32.610001,28.992821,11961200
2017-04-18,32.560001,32.730000,32.450001,32.669998,29.046160,13349600
2017-04-19,32.799999,32.889999,32.610001,32.650002,29.028381,16373800
2017-04-20,32.790001,32.950001,32.720001,32.830002,29.188419,11927500
2017-04-21,32.939999,32.939999,32.669998,32.820000,29.179523,13877700
2017-04-24,33.240002,33.360001,33.130001,33.279999,29.588499,15400500
2017-04-25,33.389999,33.520000,33.349998,33.419998,29.712969,15058800
2017-04-26,33.580002,33.630001,33.369999,33.400002,29.695189,17949700
2017-04-27,34.009998,34.110001,33.619999,33.750000,30.006363,26639000
2017-04-28,33.880001,34.080002,33.669998,34.070000,30.290871,20461700
2017-05-01,34.110001,34.139999,33.810001,33.970001,30.201962,13577300
2017-05-02,34.060001,34.240002,33.930000,34.240002,30.442013,15983600
2017-05-03,34.160000,34.340000,34.119999,34.250000,30.450905,14432200
2017-05-04,34.330002,34.490002,34.070000,34.180000,30.388670,13638500
2017-05-05,34.250000,34.400002,34.070000,34.389999,30.575371,15091800
2017-05-08,34.459999,34.599998,34.150002,34.290001,30.486469,13232700
2017-05-09,34.139999,34.259998,33.840000,33.900002,30.139727,18855900
2017-05-10,33.900002,33.900002,33.580002,33.740002,29.997473,17481400
2017-05-11,33.720001,33.820000,33.480000,33.630001,29.899673,17515600
2017-05-12,33.599998,33.619999,33.139999,33.450001,29.739643,20194300
2017-05-15,34.000000,34.459999,33.970001,34.230000,30.433121,31531000
2017-05-16,34.240002,34.330002,34.029999,34.299999,30.495361,18950000
2017-05-17,34.200001,34.310001,33.799999,33.820000,30.068594,38787800
2017-05-18,31.100000,31.510000,30.370001,31.379999,27.899250,85500500
2017-05-19,31.740000,31.780001,31.020000,31.209999,27.748112,39859200
2017-05-22,31.150000,31.980000,31.150000,31.590000,28.085958,35085200
2017-05-23,31.830000,31.870001,31.520000,31.760000,28.237103,29827500
2017-05-24,31.930000,31.940001,31.219999,31.490000,27.997053,23446300
2017-05-25,31.549999,31.690001,31.370001,31.440001,27.952597,21586500
2017-05-26,31.510000,31.590000,31.360001,31.500000,28.005943,16403100
2017-05-30,31.400000,31.809999,31.389999,31.680000,28.165976,17108300
2017-05-31,31.780001,31.889999,31.469999,31.530001,28.032612,30196700
2017-06-01,31.520000,31.820000,31.469999,31.820000,28.290447,15525500
2017-06-02,31.930000,32.060001,31.680000,31.980000,28.432699,20085200
2017-06-05,32.049999,32.049999,31.570000,31.760000,28.237103,15976000
2017-06-06,31.750000,31.760000,31.500000,31.559999,28.059284,16186600
2017-06-07,31.610001,31.719999,31.440001,31.610001,28.103741,14948400
2017-06-08,31.530001,31.809999,31.520000,31.610001,28.103741,21828600
2017-06-09,31.639999,31.830000,31.090000,31.370001,27.890364,25376600
2017-06-12,31.340000,31.639999,31.150000,31.250000,27.783672,25784400
2017-06-13,31.299999,31.799999,31.280001,31.700001,28.183756,27781000
2017-06-14,31.870001,31.969999,31.330000,31.600000,28.094849,24940400
2017-06-15,31.250000,31.639999,31.219999,31.580000,28.077068,19328000
2017-06-16,31.610001,31.639999,31.200001,31.629999,28.121521,36367400
2017-06-19,31.770000,32.020000,31.580000,31.990000,28.441593,18459200
2017-06-20,31.940001,32.160000,31.840000,31.850000,28.317122,18190100
2017-06-21,31.730000,31.870001,31.510000,31.840000,28.308228,20386100
2017-06-22,31.910000,32.000000,31.700001,31.850000,28.317122,19436600
2017-06-23,31.850000,32.299999,31.750000,32.090000,28.530497,25792200
2017-06-26,32.220001,32.500000,32.180000,32.240002,28.663858,22175000
2017-06-27,32.090000,32.259998,31.760000,31.760000,28.237103,23224200
2017-06-28,31.780001,32.279999,31.760000,32.080002,28.521610,17732300
2017-06-29,31.790001,32.029999,31.250000,31.410000,27.925922,27664500
2017-06-30,31.790001,31.790001,31.299999,31.299999,27.828123,23604600
2017-07-03,31.090000,31.639999,31.030001,31.330000,27.854799,14112100
2017-07-05,30.850000,31.270000,30.730000,31.110001,27.917616,24270300
2017-07-06,30.990000,31.020000,30.670000,30.719999,27.567635,20789100
2017-07-07,30.760000,31.070000,30.750000,30.900000,27.729166,15860600
2017-07-10,30.879999,31.090000,30.820000,30.980000,27.800957,15528800
2017-07-11,31.049999,31.120001,30.860001,31.090000,27.899670,12806000
2017-07-12,31.250000,31.440001,31.150000,31.160000,27.962484,18586200
2017-07-13,31.260000,31.280001,31.080000,31.270000,28.061199,15934200
2017-07-14,31.370001,31.450001,31.270000,31.420000,28.195803,13573100
2017-07-17,31.500000,31.639999,31.450001,31.500000,28.267593,16427500
2017-07-18,31.410000,31.510000,31.170000,31.510000,28.276569,15530700
2017-07-19,31.510000,32.049999,31.459999,31.900000,28.626547,21567900
2017-07-20,31.910000,32.049999,31.760000,31.860001,28.590656,16389500
2017-07-21,31.860001,32.029999,31.709999,31.840000,28.572708,13973800
2017-07-24,31.860001,31.930000,31.660000,31.860001,28.590656,15504100
2017-07-25,31.900000,32.250000,31.879999,32.119999,28.823975,14990000
2017-07-26,32.119999,32.230000,31.510000,31.660000,28.411177,21941500
2017-07-27,31.730000,31.750000,31.209999,31.570000,28.330412,21437400
2017-07-28,31.450001,31.600000,31.260000,31.520000,28.285543,15771000
2017-07-31,31.540001,31.590000,31.370001,31.450001,28.222725,19256400
2017-08-01,31.590000,31.660000,31.430000,31.650000,28.402203,12962800
2017-08-02,31.570000,31.570000,31.250000,31.520000,28.285543,15845600
2017-08-03,31.590000,31.719999,31.430000,31.559999,28.321438,14420800
2017-08-04,31.670000,31.910000,31.580000,31.799999,28.536806,16929500
2017-08-07,31.790001,31.879999,31.690001,31.840000,28.572708,11877400
2017-08-08,31.750000,32.000000,31.600000,31.670000,28.420151,15375700
2017-08-09,31.549999,31.680000,31.360001,31.620001,28.375280,16131300
2017-08-10,31.559999,31.559999,31.000000,31.000000,27.818905,23517400
2017-08-11,31.230000,31.549999,31.040001,31.469999,28.240673,20756600
2017-08-14,31.690001,31.889999,31.559999,31.840000,28.572708,21761600
2017-08-15,31.850000,32.209999,31.840000,32.090000,28.797050,25251500
2017-08-16,32.099998,32.470001,32.060001,32.340000,29.021397,29052000
2017-08-17,31.490000,31.770000,30.850000,31.040001,27.854801,53288800
2017-08-18,31.000000,31.059999,30.360001,30.370001,27.253553,34802200
2017-08-21,30.370001,30.799999,30.360001,30.680000,27.531740,24198400
2017-08-22,30.850000,31.330000,30.750000,31.270000,28.061199,24747200
2017-08-23,31.209999,31.400000,30.910000,30.920000,27.747114,22436600
2017-08-24,30.950001,31.400000,30.900000,31.240000,28.034275,22576100
2017-08-25,31.389999,31.799999,31.360001,31.440001,28.213755,19558300
2017-08-28,31.600000,31.660000,31.410000,31.540001,28.303490,12958900
2017-08-29,31.260000,31.629999,31.190001,31.480000,28.249647,16362700
2017-08-30,31.469999,32.200001,31.420000,31.990000,28.707312,22988700
2017-08-31,32.099998,32.340000,31.990000,32.209999,28.904739,27800200
2017-09-01,32.220001,32.349998,32.029999,32.299999,28.985500,14686600
2017-09-05,32.150002,32.240002,31.459999,31.620001,28.375280,32475500
2017-09-06,31.750000,31.910000,31.629999,31.870001,28.599627,16962300
2017-09-07,31.959999,31.969999,31.740000,31.760000,28.500914,14751700
2017-09-08,31.680000,31.780001,31.459999,31.480000,28.249647,15339500
2017-09-11,31.709999,32.299999,31.670000,32.189999,28.886789,22440800
2017-09-12,32.299999,32.470001,32.189999,32.410000,29.084213,18923100
2017-09-13,32.340000,32.389999,31.959999,32.180000,28.877817,22705100
2017-09-14,31.910000,32.220001,31.910000,32.189999,28.886789,18194800
2017-09-15,32.200001,32.500000,32.119999,32.439999,29.111132,29336100
2017-09-18,32.430000,32.660000,32.259998,32.520000,29.182924,17290900
2017-09-19,32.459999,32.650002,32.400002,32.490002,29.156008,12927700
2017-09-20,32.549999,32.750000,32.389999,32.599998,29.254717,19865400
2017-09-21,32.720001,32.900002,32.500000,32.700001,29.344454,19870000
2017-09-22,32.660000,33.529999,32.639999,33.369999,29.945705,28234900
2017-09-25,33.310001,33.840000,33.200001,33.720001,30.259785,32396900
2017-09-26,33.759998,34.099998,33.669998,33.759998,30.295677,26138300
2017-09-27,33.779999,33.919998,33.299999,33.480000,30.044416,22594600
2017-09-28,33.220001,33.459999,33.220001,33.349998,29.927757,15496900
2017-09-29,33.310001,33.669998,33.240002,33.630001,30.179024,14802700
2017-10-02,33.610001,33.770000,33.520000,33.750000,30.286709,16555200
2017-10-03,33.720001,33.900002,33.610001,33.849998,30.376450,13346900
2017-10-04,33.529999,33.560001,33.290001,33.439999,30.267824,14652200
2017-10-05,33.580002,33.669998,33.410000,33.590000,30.403606,14524800
2017-10-06,33.650002,33.779999,33.520000,33.750000,30.548424,15464700
2017-10-09,33.770000,33.889999,33.610001,33.759998,30.557472,8728400
2017-10-10,33.880001,33.910000,33.470001,33.549999,30.367392,18011000
2017-10-11,33.380001,33.630001,33.250000,33.590000,30.403606,12561400
2017-10-12,33.259998,33.459999,33.169998,33.259998,30.104904,17905600
2017-10-13,33.400002,33.570000,33.320000,33.470001,30.294985,13578800
2017-10-16,33.599998,33.639999,33.470001,33.540001,30.358343,10509100
2017-10-17,33.590000,33.669998,33.459999,33.599998,30.412653,9303100
2017-10-18,33.720001,33.750000,33.439999,33.549999,30.367392,9971200
2017-10-19,33.509998,33.889999,33.450001,33.750000,30.548424,13203100
2017-10-20,34.020000,34.389999,34.009998,34.250000,31.000996,24361400
2017-10-23,34.450001,34.680000,34.270000,34.349998,31.091505,22632000
2017-10-24,34.400002,34.669998,34.250000,34.580002,31.299686,16280200
2017-10-25,34.730000,34.730000,34.160000,34.299999,31.046247,17400900
2017-10-26,34.410000,34.509998,34.070000,34.270000,31.019094,14616100
2017-10-27,34.150002,34.619999,34.090000,34.430000,31.163919,20356600
2017-10-30,34.130001,34.380001,33.820000,34.040001,30.810921,18345100
2017-10-31,33.980000,34.240002,33.959999,34.150002,30.910484,13935100
2017-11-01,34.290001,34.750000,34.279999,34.619999,31.335892,22051300
2017-11-02,34.549999,34.639999,34.160000,34.209999,30.964783,19827600
2017-11-03,34.279999,34.490002,34.029999,34.470001,31.200129,13414400
2017-11-06,34.369999,34.560001,34.259998,34.410000,31.145819,12786900
2017-11-07,34.320000,34.480000,34.209999,34.400002,31.136765,11332900
2017-11-08,34.310001,34.500000,34.119999,34.500000,31.227278,13061300
2017-11-09,34.290001,34.320000,33.869999,34.049999,30.819965,16785000
2017-11-10,34.060001,34.090000,33.669998,33.990002,30.765657,19319400
2017-11-13,33.860001,34.209999,33.830002,33.950001,30.729452,16441500
2017-11-14,33.860001,34.160000,33.799999,34.040001,30.810921,17468500
2017-11-15,33.970001,34.310001,33.750000,34.110001,30.874277,30829600
2017-11-16,36.040001,36.669998,35.830002,35.880001,32.476364,61177100
2017-11-17,35.900002,36.320000,35.810001,35.900002,32.494473,27988000
2017-11-20,35.930000,36.540001,35.930000,36.500000,33.037552,26897800
2017-11-21,36.750000,36.970001,36.580002,36.650002,33.173328,24146400
2017-11-22,36.700001,36.720001,36.360001,36.450001,32.992302,17226400
2017-11-24,36.410000,36.570000,36.320000,36.490002,33.028503,6155800
2017-11-27,36.509998,37.090000,36.500000,36.869999,33.372452,20942200
2017-11-28,37.000000,37.799999,36.980000,37.730000,34.150875,30966600
2017-11-29,37.750000,38.029999,37.230000,37.480000,33.924595,36788600
2017-11-30,37.619999,37.799999,37.299999,37.299999,33.761665,30749500
2017-12-01,37.090000,37.660000,36.730000,37.599998,34.033211,26920900
2017-12-04,37.810001,37.990002,37.540001,37.720001,34.141819,29414400
2017-12-05,37.740002,37.820000,37.169998,37.310001,33.770718,23288200
2017-12-06,37.369999,37.720001,37.250000,37.410000,33.861229,16581800
2017-12-07,37.259998,37.779999,37.259998,37.400002,33.852184,17092000
2017-12-08,37.590000,37.689999,37.419998,37.610001,34.042259,14044400
2017-12-11,37.590000,38.040001,37.570000,37.959999,34.359058,16749500
2017-12-12,37.790001,38.099998,37.560001,37.910000,34.313797,16658600
2017-12-13,38.090000,38.369999,38.000000,38.150002,34.531040,20199500
2017-12-14,38.200001,38.270000,37.849998,37.900002,34.304749,16738300
2017-12-15,38.009998,38.279999,37.700001,38.189999,34.567238,47167700
2017-12-18,38.480000,38.889999,38.299999,38.480000,34.829727,21591400
2017-12-19,38.660000,38.860001,38.279999,38.299999,34.666798,19695200
2017-12-20,38.490002,38.799999,38.209999,38.740002,35.065067,18939500
2017-12-21,38.880001,38.990002,38.490002,38.529999,34.874989,16387500
2017-12-22,38.520000,38.740002,38.470001,38.549999,34.893089,11441600
2017-12-26,38.549999,38.680000,38.360001,38.480000,34.829727,8186100
2017-12-27,38.540001,38.650002,38.450001,38.560001,34.902142,10543000
2017-12-28,38.730000,38.730000,38.450001,38.590000,34.929291,8807700
2017-12-29,38.410000,38.619999,38.299999,38.299999,34.666798,12583600
2018-01-02,38.669998,38.950001,38.430000,38.860001,35.173683,20135700
2018-01-03,38.720001,39.279999,38.529999,39.169998,35.454273,29536000
2018-01-04,39.049999,39.540001,38.930000,38.990002,35.554581,20731400
2018-01-05,39.549999,39.880001,39.369999,39.529999,36.046997,24588200
2018-01-08,39.520000,39.959999,39.349998,39.939999,36.420876,16582000
2018-01-09,39.790001,39.959999,39.540001,39.689999,36.192902,21449800
2018-01-10,39.650002,40.240002,39.630001,39.910000,36.393517,19473000
2018-01-11,40.139999,40.209999,39.750000,40.099998,36.566780,21685600
2018-01-12,40.220001,40.930000,40.049999,40.869999,37.268925,23770500
2018-01-16,40.900002,41.160000,40.320000,40.540001,36.968014,32845000
2018-01-17,40.840000,41.320000,40.709999,41.200001,37.569859,24427100
2018-01-18,41.240002,41.480000,41.029999,41.299999,37.661045,19610200
2018-01-19,41.279999,41.520000,41.099998,41.290001,37.651928,24582000
2018-01-22,41.200001,41.660000,41.020000,41.660000,37.989330,22995100
2018-01-23,41.540001,42.130001,41.540001,42.099998,38.390560,23984500
2018-01-24,42.200001,42.689999,42.009998,42.169998,38.454391,26696200
2018-01-25,42.270000,42.470001,41.820000,41.900002,38.208179,19207500
2018-01-26,42.150002,42.560001,41.950001,42.560001,38.810028,23380400
2018-01-29,42.299999,42.980000,42.299999,42.849998,39.074478,23625900
2018-01-30,42.689999,42.860001,41.970001,42.250000,38.527344,28993900
2018-01-31,41.980000,42.009998,41.349998,41.540001,37.879902,36512100
2018-02-01,41.090000,42.110001,40.669998,41.700001,38.025806,26148500
2018-02-02,41.500000,41.950001,40.869999,40.930000,37.323647,27224200
2018-02-05,40.869999,41.410000,38.720001,38.779999,35.363083,52399600
2018-02-06,38.330002,40.310001,37.349998,40.169998,36.630615,55171600
2018-02-07,40.310001,41.209999,40.029999,40.340000,36.785633,32690800
2018-02-08,40.439999,40.759998,38.720001,38.770000,35.353962,42982100
2018-02-09,39.000000,39.919998,38.230000,39.529999,36.046997,51304200
2018-02-12,40.520000,40.910000,40.230000,40.599998,37.022720,38210700
2018-02-13,40.500000,41.310001,40.220001,41.230000,37.597214,30999100
2018-02-14,41.040001,42.259998,40.990002,42.090000,38.381439,43835900
2018-02-15,45.070000,45.130001,43.259998,44.080002,40.196102,72267500
2018-02-16,43.889999,45.090000,43.790001,44.330002,40.424076,39267500
2018-02-20,44.000000,44.689999,43.810001,44.060001,40.177860,29006900
2018-02-21,44.110001,44.419998,43.279999,43.310001,39.493946,28499200
2018-02-22,43.490002,43.560001,42.750000,42.939999,39.156548,25887600
2018-02-23,43.369999,44.040001,42.919998,44.000000,40.123146,25781400
2018-02-26,44.299999,45.450001,44.130001,45.360001,41.363319,27771100
2018-02-27,45.410000,45.610001,44.619999,45.040001,41.071518,27419300
2018-02-28,45.270000,45.889999,44.779999,44.779999,40.834427,26885200
2018-03-01,44.680000,45.000000,43.349998,43.799999,39.940769,32154300
2018-03-02,43.290001,44.220001,43.099998,44.060001,40.177860,28848100
2018-03-05,43.919998,44.770000,43.700001,44.520000,40.597332,22101700
2018-03-06,44.650002,44.790001,44.139999,44.290001,40.387596,21930000
2018-03-07,44.029999,44.389999,43.799999,44.200001,40.305527,22034400
2018-03-08,44.250000,44.410000,43.939999,44.340000,40.433189,20285600
2018-03-09,44.619999,45.540001,44.610001,45.369999,41.372437,22230900
2018-03-12,45.529999,45.869999,45.400002,45.549999,41.536579,18299800
2018-03-13,45.779999,46.160000,44.919998,45.160000,41.180935,23411200
2018-03-14,45.340000,45.759998,45.090000,45.279999,41.290367,21141100
2018-03-15,45.299999,45.740002,45.119999,45.330002,41.335968,23520400
2018-03-16,45.330002,45.599998,44.970001,45.009998,41.044159,56129000
2018-03-19,44.590000,44.820000,43.900002,44.270000,40.369358,26734100
2018-03-20,44.490002,44.639999,44.180000,44.369999,40.460552,22809700
2018-03-21,44.240002,44.900002,44.130001,44.310001,40.405838,22528200
2018-03-22,43.759998,44.020000,43.020000,43.070000,39.275093,29520800
2018-03-23,43.709999,43.840000,42.419998,42.419998,38.682358,31759200
2018-03-26,43.250000,44.160000,42.830002,44.060001,40.177860,29731900
2018-03-27,44.490002,44.520000,42.240002,42.680000,38.919453,30942000
2018-03-28,42.509998,42.840000,41.619999,41.660000,37.989330,36696800
2018-03-29,41.939999,42.930000,41.580002,42.889999,39.110947,55021200
2018-04-02,42.520000,42.630001,40.529999,41.009998,37.396595,36791800
2018-04-03,41.340000,41.500000,40.720001,41.380001,37.734005,28003900
2018-04-04,40.389999,41.549999,40.189999,41.200001,37.871883,30117600
2018-04-05,41.500000,42.020000,41.380001,41.820000,38.441795,29331600
2018-04-06,41.400002,41.680000,40.450001,40.730000,37.439850,32208700
2018-04-09,40.950001,42.060001,40.900002,41.169998,37.844307,25725800
2018-04-10,42.099998,42.709999,41.750000,42.509998,39.076065,22724400
2018-04-11,42.419998,42.900002,42.259998,42.430000,39.002522,21693000
2018-04-12,42.779999,43.639999,42.730000,43.340000,39.839012,22297000
2018-04-13,43.549999,43.740002,42.639999,43.000000,39.526474,18272300
2018-04-16,43.119999,43.639999,43.029999,43.299999,39.802242,15807900
2018-04-17,43.849998,44.750000,43.709999,44.590000,40.988037,21474600
2018-04-18,44.610001,44.919998,44.299999,44.630001,41.024803,17605300
2018-04-19,44.419998,44.950001,44.380001,44.560001,40.960468,21472300
2018-04-20,44.500000,44.750000,43.619999,44.090000,40.528431,23539200
2018-04-23,44.259998,44.480000,43.869999,44.250000,40.675503,20716800
2018-04-24,44.430000,44.910000,43.330002,43.740002,40.206703,21421500
2018-04-25,43.799999,43.990002,42.750000,43.709999,40.179119,21706000
2018-04-26,43.980000,44.490002,43.439999,44.209999,40.638733,20549300
2018-04-27,44.689999,45.340000,44.360001,44.709999,41.098347,20077400
2018-04-30,44.919998,45.180000,44.279999,44.290001,40.712269,19958500
2018-05-01,43.910000,44.950001,43.830002,44.830002,41.208649,16865500
2018-05-02,44.910000,45.049999,43.799999,43.860001,40.317009,23601600
2018-05-03,44.009998,44.810001,43.439999,44.439999,40.850155,23750200
2018-05-04,44.009998,45.500000,43.900002,45.299999,41.640682,19504100
2018-05-07,45.360001,46.000000,45.299999,45.730000,42.035946,17822400
2018-05-08,45.820000,45.869999,45.380001,45.709999,42.017567,20285300
2018-05-09,45.900002,46.099998,45.189999,46.040001,42.320911,20438300
2018-05-10,46.000000,46.369999,45.669998,46.299999,42.559910,18469400
2018-05-11,46.090000,46.270000,45.779999,45.930000,42.219803,17551500
2018-05-14,45.750000,46.230000,45.669998,45.700001,42.008369,22037700
2018-05-15,45.209999,45.549999,44.930000,45.480000,41.806145,24753600
2018-05-16,45.360001,45.549999,45.009998,45.160000,41.511997,31253700
2018-05-17,43.130001,44.160000,43.020000,43.459999,39.949314,48210400
2018-05-18,43.459999,43.570000,43.110001,43.209999,39.719521,24456000
2018-05-21,43.490002,43.939999,43.419998,43.750000,40.215889,21785900
2018-05-22,43.790001,43.910000,43.480000,43.650002,40.123974,16381800
2018-05-23,43.400002,43.700001,42.889999,43.680000,40.151543,20638800
2018-05-24,43.599998,43.970001,43.009998,43.570000,40.050430,18377500
2018-05-25,43.459999,43.619999,43.209999,43.259998,39.765469,15362000
2018-05-29,42.759998,43.160000,42.520000,42.970001,39.498898,25197400
2018-05-30,43.080002,43.340000,42.830002,42.849998,39.388599,22498800
2018-05-31,42.860001,43.130001,42.610001,42.709999,39.259899,31439600
2018-06-01,42.910000,43.689999,42.880001,43.660000,40.133163,18352700
2018-06-04,43.500000,43.830002,43.209999,43.580002,40.059628,18087700
2018-06-05,43.740002,43.750000,43.389999,43.669998,40.142353,16728800
2018-06-06,43.759998,44.310001,43.660000,44.259998,40.684692,17730200
2018-06-07,44.240002,44.389999,43.349998,43.650002,40.123974,19722000
2018-06-08,43.520000,43.730000,43.310001,43.480000,39.967701,18812400
2018-06-11,43.619999,43.919998,43.439999,43.689999,40.160744,15069000
2018-06-12,43.680000,43.950001,43.470001,43.939999,40.390541,17564900
2018-06-13,44.020000,44.529999,43.840000,44.009998,40.454891,24383200
2018-06-14,44.230000,44.810001,44.049999,44.689999,41.079960,24020500
2018-06-15,44.360001,44.529999,43.590000,44.250000,40.675503,49379800
2018-06-18,43.869999,44.419998,43.389999,44.209999,40.638733,17625400
2018-06-19,43.619999,44.020000,43.439999,43.820000,40.280239,22199200
2018-06-20,43.950001,43.990002,43.700001,43.740002,40.206703,21276500
2018-06-21,43.689999,43.779999,43.060001,43.160000,39.673553,20924400
2018-06-22,43.340000,43.450001,42.889999,43.200001,39.710320,27460000
2018-06-25,42.689999,42.820000,41.810001,42.290001,38.873837,28626700
2018-06-26,42.480000,43.139999,42.389999,42.549999,39.112827,22171200
2018-06-27,42.730000,43.150002,42.279999,42.330002,38.910610,20794800
2018-06-28,42.330002,43.189999,42.279999,42.939999,39.471317,22197700
2018-06-29,43.049999,43.500000,42.970001,43.029999,39.554050,20522900
2018-07-02,42.560001,42.830002,42.200001,42.810001,39.351830,21810900
2018-07-03,42.939999,43.230000,42.619999,42.669998,39.223141,13474700
2018-07-05,42.560001,42.639999,41.959999,42.560001,39.426941,18118700
2018-07-06,42.389999,42.880001,42.310001,42.709999,39.565887,20258300
2018-07-09,42.750000,42.779999,42.360001,42.669998,39.528843,23210000
2018-07-10,42.869999,43.040001,42.709999,42.860001,39.704853,20224600
2018-07-11,42.560001,42.759998,42.439999,42.570000,39.436207,17721600
2018-07-12,42.759998,43.630001,42.750000,43.580002,40.371853,17999500
2018-07-13,43.520000,43.779999,40.939999,41.779999,38.704357,50831300
2018-07-16,42.049999,42.939999,42.000000,42.500000,39.371365,24468000
2018-07-17,42.209999,42.509998,42.139999,42.340000,39.223141,21188400
2018-07-18,42.240002,42.470001,42.150002,42.209999,39.102707,20364000
2018-07-19,42.799999,43.009998,42.220001,42.400002,39.278721,24498800
2018-07-20,42.259998,42.369999,41.860001,42.009998,38.917427,20732100
2018-07-23,41.919998,42.119999,41.439999,42.060001,38.963745,15656500
2018-07-24,42.220001,42.880001,42.070000,42.389999,39.269455,17493900
2018-07-25,42.360001,43.220001,42.290001,43.160000,39.982773,20658300
2018-07-26,43.580002,43.830002,43.220001,43.529999,40.325527,23518700
2018-07-27,43.259998,43.619999,42.419998,42.570000,39.436207,22050900
2018-07-30,42.459999,42.610001,42.080002,42.169998,39.065647,15300400
2018-07-31,42.240002,42.619999,41.919998,42.290001,39.176819,20900300
2018-08-01,41.990002,42.340000,41.330002,41.860001,38.778473,21650000
2018-08-02,41.389999,42.599998,41.200001,42.529999,39.399147,18033200
2018-08-03,42.709999,42.880001,42.459999,42.830002,39.677063,13394300
2018-08-06,42.730000,43.410000,42.660000,43.299999,40.112465,14345800
2018-08-07,43.299999,43.639999,43.240002,43.580002,40.371853,18040500
2018-08-08,43.639999,43.959999,43.439999,43.840000,40.612720,13917100
2018-08-09,43.889999,44.110001,43.700001,43.779999,40.557129,14098900
2018-08-10,43.689999,43.950001,43.580002,43.779999,40.557129,14322100
2018-08-13,44.080002,44.389999,43.700001,43.750000,40.529346,18113200
2018-08-14,43.840000,44.279999,43.580002,44.000000,40.760937,15981300
2018-08-15,43.660000,44.500000,43.009998,43.860001,40.631245,27902200
2018-08-16,45.770000,46.090000,45.080002,45.160000,41.835541,48648500
2018-08-17,45.099998,46.080002,44.919998,45.869999,42.493271,23153900
2018-08-20,45.990002,46.330002,45.779999,46.220001,42.817509,19288500
2018-08-21,46.250000,46.430000,45.720001,45.779999,42.409893,18617300
2018-08-22,45.950001,46.160000,45.720001,45.990002,42.604439,13202900
2018-08-23,45.880001,46.250000,45.849998,46.020000,42.632233,15379000
2018-08-24,46.200001,46.439999,46.070000,46.320000,42.910145,15575200
2018-08-27,46.500000,46.860001,46.340000,46.590000,43.160275,17209900
2018-08-28,46.779999,47.270000,46.619999,46.950001,43.493774,19147300
2018-08-29,47.070000,47.619999,46.900002,47.480000,43.984753,20220600
2018-08-30,47.310001,47.540001,46.970001,47.150002,43.679047,16238500
2018-08-31,46.910000,47.830002,46.799999,47.770000,44.253407,24904200
2018-09-04,47.840000,48.060001,47.509998,47.730000,44.216343,19122200
2018-09-05,47.560001,47.650002,46.759998,47.270000,43.790211,20818100
2018-09-06,47.439999,47.900002,47.070000,47.279999,43.799465,16537600
2018-09-07,47.009998,47.490002,46.880001,47.049999,43.586411,17229700
2018-09-10,47.299999,47.459999,46.779999,47.070000,43.604942,16597200
2018-09-11,46.910000,47.169998,46.439999,47.029999,43.567875,17291500
2018-09-12,46.860001,47.009998,46.439999,46.889999,43.438190,16649400
2018-09-13,46.840000,47.400002,46.799999,47.240002,43.762428,17972100
2018-09-14,47.270000,47.490002,47.099998,47.400002,43.910645,13937000
2018-09-17,47.230000,47.580002,47.070000,47.110001,43.641991,14430200
2018-09-18,47.070000,47.650002,47.070000,47.459999,43.966232,16469600
2018-09-19,47.419998,47.619999,47.119999,47.279999,43.799465,12721900
2018-09-20,47.410000,47.810001,47.160000,47.730000,44.216343,17007800
2018-09-21,47.930000,48.639999,47.820000,48.560001,44.985252,59664600
2018-09-24,48.209999,48.619999,48.189999,48.439999,44.874081,21819300
2018-09-25,48.570000,48.880001,48.430000,48.470001,44.901871,15810800
2018-09-26,48.740002,49.060001,48.270000,48.410000,44.846291,20080100
2018-09-27,48.330002,48.759998,48.209999,48.330002,44.772182,15910100
2018-09-28,48.270000,48.799999,48.060001,48.650002,45.068630,15474300
2018-10-01,49.000000,49.139999,48.669998,48.869999,45.272427,13669500
2018-10-02,48.750000,49.139999,48.669998,49.009998,45.402115,15671600
2018-10-03,49.259998,49.470001,49.070000,49.139999,45.522552,16737500
2018-10-04,48.630001,48.770000,48.040001,48.380001,45.121513,22110900
2018-10-05,48.400002,48.849998,47.610001,48.130001,44.888359,19103300
2018-10-08,47.919998,48.500000,47.150002,47.520000,44.319439,23791400
2018-10-09,47.529999,48.029999,47.279999,47.490002,44.291458,17008400
2018-10-10,47.439999,47.509998,45.540001,45.630001,42.556732,33055800
2018-10-11,45.459999,45.599998,43.919998,44.119999,41.148434,36496300
2018-10-12,44.930000,45.849998,44.459999,45.709999,42.631340,35424000
2018-10-15,45.520000,45.720001,44.669998,44.669998,41.661388,26160500
2018-10-16,45.290001,45.939999,44.849998,45.820000,42.733936,22669400
2018-10-17,45.889999,46.230000,45.220001,45.939999,42.845852,17803400
2018-10-18,46.299999,46.490002,45.150002,45.459999,42.398178,19044600
2018-10-19,45.400002,46.200001,45.130001,45.340000,42.286266,21356300
2018-10-22,45.770000,46.279999,45.410000,45.759998,42.677971,19195400
2018-10-23,45.150002,45.770000,44.439999,45.419998,42.360874,21836200
2018-10-24,45.490002,45.680000,43.959999,44.070000,41.101799,29588800
2018-10-25,44.619999,45.810001,44.209999,45.470001,42.407513,27054500
2018-10-26,44.570000,45.110001,43.779999,44.250000,41.269680,31806600
2018-10-29,44.889999,45.049999,42.939999,43.840000,40.887295,28214200
2018-10-30,43.919998,44.700001,43.750000,44.580002,41.577461,25924600
2018-10-31,45.049999,46.299999,44.889999,45.750000,42.668652,26023700
2018-11-01,45.669998,45.880001,45.099998,45.650002,42.575386,24662100
2018-11-02,45.720001,46.090000,44.980000,45.480000,42.416840,25581300
2018-11-05,45.740002,46.439999,45.349998,46.139999,43.032391,17525200
2018-11-06,46.040001,46.619999,46.000000,46.500000,43.368137,15446700
2018-11-07,46.980000,47.930000,46.750000,47.900002,44.673847,19990400
2018-11-08,47.869999,48.439999,47.869999,48.439999,45.177471,21002000
2018-11-09,48.080002,48.250000,46.700001,47.110001,43.937050,22015400
2018-11-12,47.139999,47.250000,45.540001,45.619999,42.547409,25913500
2018-11-13,45.700001,46.060001,45.029999,45.119999,42.081078,26196700
2018-11-14,45.459999,45.639999,44.080002,44.330002,41.344292,36613500
2018-11-15,46.799999,47.099998,45.150002,46.770000,43.619957,45983300
2018-11-16,46.459999,47.040001,46.130001,46.349998,43.228237,31327400
2018-11-19,46.349998,46.580002,45.250000,45.750000,42.668652,28370400
2018-11-20,44.919998,45.290001,44.139999,44.490002,41.493511,28430600
2018-11-21,44.950001,45.180000,44.400002,44.889999,41.866577,20117400
2018-11-23,44.450001,45.119999,44.389999,44.540001,41.540142,9372900
2018-11-26,45.139999,45.639999,45.090000,45.570000,42.500778,18275900
2018-11-27,45.450001,46.389999,45.209999,46.119999,43.013725,21472700
2018-11-28,46.299999,47.480000,46.119999,47.290001,44.104931,24293800
2018-11-29,46.900002,47.759998,46.900002,47.340000,44.151562,22650800
2018-11-30,47.270000,47.910000,46.919998,47.869999,44.645859,41619100
2018-12-03,48.320000,48.790001,48.080002,48.740002,45.457272,24690100
2018-12-04,48.700001,49.139999,47.250000,47.349998,44.160885,30802700
2018-12-06,46.990002,48.459999,46.470001,48.389999,45.130844,40133000
2018-12-07,48.160000,48.490002,46.360001,46.439999,43.312168,38298000
2018-12-10,46.299999,47.130001,45.820000,46.860001,43.703896,28682000
2018-12-11,47.860001,47.900002,46.709999,47.090000,43.918400,26048500
2018-12-12,47.919998,48.200001,47.360001,47.419998,44.226170,23157200
2018-12-13,47.680000,47.970001,47.130001,47.470001,44.272808,20051700
2018-12-14,46.369999,46.619999,45.639999,45.820000,42.733936,27364500
2018-12-17,45.820000,45.990002,43.910000,44.200001,41.223049,36610300
2018-12-18,44.549999,44.610001,43.730000,44.060001,41.092480,30513800
2018-12-19,43.889999,44.919998,42.570000,43.139999,40.234436,34820100
2018-12-20,42.990002,43.230000,41.869999,42.490002,39.628223,38810900
2018-12-21,42.910000,43.459999,41.740002,41.849998,39.031319,77915100
2018-12-24,41.700001,41.810001,40.250000,40.279999,37.567062,24069400
2018-12-26,40.680000,42.500000,40.400002,42.470001,39.609570,33335900
2018-12-27,41.889999,42.930000,41.150002,42.910000,40.019936,28404100
2018-12-28,43.169998,43.529999,42.459999,42.770000,39.889362,22447300
2018-12-31,43.189999,43.549999,42.889999,43.330002,40.411636,20581200
2019-01-02,42.279999,43.200001,42.209999,42.950001,40.057236,23833500
2019-01-03,42.299999,42.410000,40.959999,41.070000,38.600437,29606700
2019-01-04,41.849998,43.000000,41.529999,42.919998,40.339195,27515000
2019-01-07,42.860001,43.650002,42.759998,43.209999,40.611755,19488100
2019-01-08,43.570000,43.939999,43.099998,43.560001,40.940712,22071400
2019-01-09,43.869999,43.869999,43.169998,43.320000,40.715141,22640000
2019-01-10,43.110001,43.290001,42.580002,43.240002,40.639957,23277600
2019-01-11,43.110001,43.540001,42.889999,43.490002,40.874920,17378400
2019-01-14,43.080002,43.389999,43.000000,43.209999,40.611755,16243600
2019-01-15,43.330002,44.040001,43.150002,44.020000,41.373055,17744100
2019-01-16,44.119999,44.240002,43.759998,43.959999,41.316658,17262500
2019-01-17,43.869999,44.529999,43.799999,44.209999,41.551624,18826200
2019-01-18,44.480000,45.349998,44.310001,45.029999,42.322323,24416500
2019-01-22,44.880001,45.240002,44.380001,44.779999,42.087353,21338400
2019-01-23,45.139999,45.880001,45.020000,45.459999,42.726456,24770400
2019-01-24,45.630001,45.750000,45.230000,45.610001,42.867447,17360600
2019-01-25,46.119999,46.660000,45.950001,46.130001,43.356178,24196600
2019-01-28,45.730000,45.770000,45.230000,45.750000,42.999027,18296700
2019-01-29,45.810001,46.049999,45.650002,45.959999,43.196400,14470100
2019-01-30,45.939999,46.930000,45.919998,46.709999,43.901299,18329300
2019-01-31,46.720001,47.380001,46.520000,47.290001,44.446426,23693600
2019-02-01,47.369999,47.560001,47.049999,47.340000,44.493416,16266500
2019-02-04,47.220001,47.470001,47.119999,47.349998,44.502811,15743100
2019-02-05,47.419998,47.459999,47.080002,47.259998,44.418224,16946300
2019-02-06,47.119999,47.590000,46.950001,47.480000,44.625004,18160500
2019-02-07,47.189999,47.320000,46.490002,46.700001,43.891907,20331200
2019-02-08,46.400002,47.200001,46.299999,47.189999,44.352436,18407100
2019-02-11,47.340000,47.709999,47.130001,47.580002,44.718990,19363600
2019-02-12,47.270000,48.150002,47.160000,47.889999,45.010349,23909200
2019-02-13,47.860001,47.950001,47.119999,47.500000,44.643799,28325600
2019-02-14,48.849998,49.680000,48.340000,48.400002,45.489677,47598600
2019-02-15,48.830002,49.590000,48.439999,49.430000,46.457745,30189600
2019-02-19,49.200001,49.930000,49.200001,49.650002,46.664516,20204500
2019-02-20,49.700001,49.799999,49.349998,49.630001,46.645718,17550900
2019-02-21,49.540001,49.720001,49.200001,49.410000,46.438950,17120600
2019-02-22,49.700001,50.220001,49.580002,50.110001,47.096859,22008100
2019-02-25,50.340000,51.000000,50.340000,50.790001,47.735970,24264300
2019-02-26,50.509998,51.410000,50.480000,51.180000,48.102516,19382500
2019-02-27,51.209999,51.650002,50.889999,51.590000,48.487862,19940900
2019-02-28,51.549999,51.959999,51.349998,51.770000,48.657040,30708500
2019-03-01,52.000000,52.090000,51.270000,51.410000,48.318691,23683700
2019-03-04,51.650002,51.919998,50.630001,51.160000,48.083721,18725900
2019-03-05,51.119999,51.509998,50.970001,51.299999,48.215298,14994200
2019-03-06,51.369999,51.790001,50.919998,51.669998,48.563053,19686900
2019-03-07,51.549999,51.970001,51.209999,51.290001,48.205902,22209200
2019-03-08,50.720001,51.130001,50.509998,51.070000,47.999130,18182200
2019-03-11,51.139999,52.090000,51.099998,51.919998,48.798019,17859300
2019-03-12,52.009998,52.279999,51.680000,52.150002,49.014191,19485300
2019-03-13,52.410000,52.860001,52.139999,52.590000,49.427734,20568000
2019-03-14,52.630001,52.959999,52.509998,52.740002,49.568714,19215900
2019-03-15,52.939999,53.619999,52.930000,53.200001,50.001060,43670700
2019-03-18,53.270000,53.939999,53.090000,53.509998,50.292412,19073800
2019-03-19,53.790001,54.000000,53.139999,53.310001,50.104443,20596400
2019-03-20,53.160000,53.869999,52.860001,53.259998,50.057438,21140800
2019-03-21,53.080002,54.230000,53.040001,53.939999,50.696556,20082700
2019-03-22,53.910000,54.139999,52.700001,52.740002,49.568714,23938500
2019-03-25,52.700001,52.930000,52.250000,52.730000,49.559315,18774900
2019-03-26,53.189999,53.490002,53.000000,53.230000,50.029247,17742700
2019-03-27,53.299999,53.660000,52.740002,53.139999,49.944664,20447500
2019-03-28,53.189999,53.689999,53.020000,53.360001,50.151432,13095000
2019-03-29,53.700001,54.000000,53.360001,53.990002,50.743553,19582300
2019-04-01,54.480000,55.020000,54.389999,54.980000,51.674023,19741700
2019-04-02,55.000000,55.410000,54.970001,55.290001,51.965382,17264000
2019-04-03,55.459999,55.799999,55.070000,55.630001,52.284935,21110400
2019-04-04,55.369999,55.680000,54.860001,55.139999,52.152523,16412100
2019-04-05,55.250000,55.610001,55.130001,55.209999,52.218731,13817500
2019-04-08,55.200001,55.560001,54.790001,55.490002,52.483559,13862800
2019-04-09,55.080002,55.419998,54.860001,55.180000,52.190353,15508400
2019-04-10,55.110001,55.840000,55.110001,55.820000,52.795677,13460200
2019-04-11,55.930000,55.950001,55.310001,55.599998,52.587597,13186000
2019-04-12,55.930000,56.360001,55.790001,56.290001,53.240215,14331700
2019-04-15,56.400002,56.610001,56.240002,56.560001,53.495583,12198400
2019-04-16,56.619999,57.529999,56.610001,56.950001,53.864456,19718300
2019-04-17,57.180000,57.320000,56.290001,56.310001,53.259136,26093600
2019-04-18,56.630001,56.700001,56.110001,56.400002,53.344254,18332000
2019-04-22,56.160000,56.599998,56.099998,56.340000,53.287506,11951500
2019-04-23,56.430000,56.700001,56.200001,56.689999,53.618542,18796600
2019-04-24,56.639999,57.150002,56.580002,56.880001,53.798248,13212000
2019-04-25,56.459999,56.779999,56.009998,56.330002,53.278049,15526900
2019-04-26,56.020000,56.369999,55.680000,55.880001,52.852432,18010900
2019-04-29,55.669998,56.220001,55.549999,56.130001,53.088882,16259500
2019-04-30,56.000000,56.119999,55.529999,55.950001,52.918636,20846000
2019-05-01,56.000000,56.349998,55.509998,55.580002,52.568684,17648500
2019-05-02,55.480000,55.889999,54.820000,54.939999,51.963360,24220600
2019-05-03,54.639999,54.990002,54.180000,54.939999,51.963360,26887100
2019-05-06,53.860001,54.759998,53.560001,54.590000,51.632320,17025900
2019-05-07,53.860001,54.240002,52.939999,53.450001,50.554085,25289700
2019-05-08,53.169998,53.939999,53.130001,53.470001,50.573006,21525100
2019-05-09,52.820000,53.209999,52.230000,52.919998,50.052799,24322800
2019-05-10,52.610001,53.549999,51.950001,53.360001,50.468964,21795900
2019-05-13,51.830002,52.259998,51.060001,51.299999,48.520569,28869900
2019-05-14,51.450001,52.439999,51.380001,52.020000,49.201561,25478300
2019-05-15,51.759998,52.709999,51.689999,52.439999,49.598804,30577200
2019-05-16,54.270000,56.400002,54.119999,55.930000,52.899719,46057800
2019-05-17,55.779999,56.830002,55.520000,56.349998,53.296963,27299300
2019-05-20,55.799999,56.389999,55.549999,56.009998,52.975384,21004100
2019-05-21,56.680000,56.750000,56.130001,56.520000,53.457748,18562300
2019-05-22,56.220001,56.299999,55.669998,55.689999,52.672722,19479200
2019-05-23,54.910000,55.009998,53.939999,54.189999,51.253986,22734200
2019-05-24,54.570000,54.669998,54.060001,54.369999,51.424240,13057600
2019-05-28,54.740002,55.029999,53.820000,53.930000,51.008080,29769200
2019-05-29,53.549999,53.549999,52.860001,53.180000,50.298714,19762100
2019-05-30,53.439999,53.779999,53.340000,53.570000,50.667583,12954300
2019-05-31,52.790001,52.880001,52.009998,52.029999,49.211018,20480400
2019-06-03,52.049999,52.570000,51.490002,51.779999,48.974564,22380500
2019-06-04,52.480000,53.639999,52.410000,53.230000,50.346004,21689300
2019-06-05,53.849998,54.790001,53.750000,54.750000,51.783649,22521900
2019-06-06,54.889999,55.299999,54.209999,55.099998,52.114685,15927300
2019-06-07,55.410000,56.299999,55.029999,55.930000,52.899719,17394900
2019-06-10,56.139999,56.650002,55.959999,56.419998,53.363163,16871000
2019-06-11,56.740002,57.560001,56.730000,57.110001,54.015785,26723700
2019-06-12,56.049999,56.590000,55.650002,55.860001,52.833511,23183000
2019-06-13,55.919998,56.270000,55.779999,56.169998,53.126717,15785300
2019-06-14,55.990002,56.020000,54.660000,54.750000,51.783649,22530500
2019-06-17,54.990002,55.470001,54.860001,55.400002,52.398438,20392600
2019-06-18,56.070000,56.650002,55.750000,56.049999,53.013214,21173200
2019-06-19,56.040001,56.369999,55.770000,56.130001,53.088882,21096300
2019-06-20,57.000000,57.540001,56.680000,57.410000,54.299534,20969800
2019-06-21,57.410000,58.150002,56.980000,57.029999,53.940117,57588800
2019-06-24,57.250000,57.290001,56.689999,57.180000,54.081997,17794100
2019-06-25,57.060001,57.200001,56.009998,56.080002,53.041592,25520600
2019-06-26,56.540001,57.049999,56.360001,56.599998,53.533417,19286100
2019-06-27,56.939999,57.250000,55.470001,55.730000,52.710552,23959900
2019-06-28,55.910000,55.980000,54.029999,54.730000,51.764736,103123400
2019-07-01,55.259998,55.349998,54.230000,54.740002,51.774193,28410000
2019-07-02,54.830002,55.919998,54.779999,55.810001,52.786224,20307100
2019-07-03,55.770000,56.540001,55.540001,56.480000,53.757046,13866800
2019-07-05,56.000000,56.730000,55.709999,56.599998,53.871258,14273900
2019-07-08,56.250000,56.480000,55.959999,56.189999,53.481026,15835100
2019-07-09,56.369999,56.689999,56.040001,56.340000,53.623795,19564000
2019-07-10,56.689999,57.650002,56.599998,57.130001,54.375713,19362600
2019-07-11,57.369999,57.619999,56.919998,57.299999,54.537510,15994600
2019-07-12,57.580002,57.990002,57.570000,57.950001,55.156174,13660400
2019-07-15,58.000000,58.230000,57.869999,58.049999,55.251354,8809700
2019-07-16,58.130001,58.259998,57.459999,57.619999,54.842083,11501100
2019-07-17,57.570000,57.790001,57.189999,57.209999,54.451847,9266900
2019-07-18,57.049999,57.790001,56.900002,57.740002,54.956303,10287400
2019-07-19,57.810001,58.070000,57.320000,57.360001,54.594624,13882400
2019-07-22,57.459999,58.009998,57.369999,57.730000,54.946781,10485600
2019-07-23,58.060001,58.099998,57.480000,57.709999,54.927750,12692200
2019-07-24,57.580002,57.680000,57.110001,57.230000,54.470886,18177000
2019-07-25,57.360001,57.500000,56.369999,56.619999,53.890297,15127200
2019-07-26,56.680000,56.840000,56.369999,56.529999,53.804638,15243000
2019-07-29,56.689999,57.150002,56.540001,56.930000,54.185352,12051100
2019-07-30,56.849998,56.900002,56.349998,56.470001,53.747528,9623400
2019-07-31,56.330002,56.830002,54.900002,55.400002,52.729115,17441200
2019-08-01,55.840000,56.889999,55.160000,55.389999,52.719601,19020600
2019-08-02,54.220001,54.320000,52.580002,53.250000,50.682770,29021900
2019-08-05,52.389999,52.540001,50.939999,51.369999,48.893406,29931800
2019-08-06,51.950001,52.730000,51.599998,52.599998,50.064106,20708400
2019-08-07,51.830002,52.490002,51.209999,52.340000,49.816643,24128600
2019-08-08,52.790001,53.360001,52.590000,53.160000,50.597107,26093500
2019-08-09,52.779999,52.869999,52.040001,52.430000,49.902302,17425000
2019-08-12,52.270000,52.360001,51.340000,51.540001,49.055206,16388300
2019-08-13,51.470001,53.070000,51.200001,52.720001,50.178322,21499500
2019-08-14,52.119999,52.119999,50.130001,50.610001,48.170048,28688100
2019-08-15,47.360001,47.939999,46.000000,46.250000,44.020245,61129100
2019-08-16,46.419998,47.360001,46.400002,46.959999,44.696014,24471800
2019-08-19,47.900002,48.599998,47.490002,48.500000,46.161774,26384800
2019-08-20,48.540001,48.590000,47.919998,47.930000,45.619247,18201600
2019-08-21,48.500000,48.930000,48.360001,48.770000,46.418751,18365400
2019-08-22,49.240002,49.330002,47.939999,48.180000,45.857201,21515100
2019-08-23,47.900002,48.520000,46.430000,46.610001,44.362888,25871100
2019-08-26,47.049999,47.270000,46.669998,47.099998,44.829266,14820100
2019-08-27,47.540001,47.650002,46.689999,46.790001,44.534214,20859000
2019-08-28,46.529999,46.959999,46.240002,46.869999,44.610355,11187600
2019-08-29,47.590000,47.910000,47.110001,47.270000,44.991070,14733400
2019-08-30,47.520000,47.570000,46.549999,46.810001,44.553249,19248400
2019-09-03,46.630001,46.970001,46.200001,46.500000,44.258190,17009400
2019-09-04,47.020000,47.410000,46.889999,47.320000,45.038658,13691300
2019-09-05,48.020000,48.709999,47.779999,48.419998,46.085629,18434200
2019-09-06,48.650002,48.990002,48.270000,48.840000,46.485378,17939100
2019-09-09,48.970001,49.009998,48.459999,48.580002,46.237915,21175100
2019-09-10,48.570000,49.349998,47.950001,49.209999,46.837536,16119200
2019-09-11,49.950001,50.070000,49.330002,50.029999,47.618004,18656000
2019-09-12,50.279999,50.299999,49.410000,49.930000,47.522831,16546700
2019-09-13,50.009998,50.220001,49.759998,50.029999,47.618004,15867800
2019-09-16,49.799999,50.180000,49.790001,49.959999,47.551380,13025600
2019-09-17,49.980000,50.020000,49.180000,49.410000,47.027901,16070600
2019-09-18,49.470001,49.740002,48.779999,49.340000,46.961277,12563800
2019-09-19,49.349998,49.919998,49.040001,49.189999,46.818504,15349400
2019-09-20,49.290001,49.869999,48.869999,49.599998,47.208736,48301300
2019-09-23,49.660000,49.750000,49.279999,49.419998,47.037411,16450000
2019-09-24,49.750000,50.200001,48.930000,49.119999,46.751877,26717200
2019-09-25,49.049999,49.770000,48.580002,49.610001,47.218258,14013500
2019-09-26,49.430000,49.490002,48.259998,48.830002,46.475861,20172900
2019-09-27,49.000000,49.470001,48.599998,48.840000,46.485378,16065300
2019-09-30,48.950001,49.660000,48.950001,49.410000,47.027901,14903600
2019-10-01,49.650002,49.869999,47.360001,47.740002,45.438416,24185600
2019-10-02,47.349998,47.380001,46.009998,46.560001,44.315300,30722400
2019-10-03,46.320000,47.080002,45.700001,47.060001,45.130447,15915500
2019-10-04,47.250000,47.630001,46.950001,47.520000,45.571583,16718800
2019-10-07,47.470001,48.130001,47.320000,47.770000,45.811337,14625200
2019-10-08,47.500000,47.540001,46.349998,46.389999,44.487919,23022400
2019-10-09,46.919998,47.169998,46.660000,46.840000,44.919464,16768600
2019-10-10,46.049999,46.230000,45.549999,46.150002,44.257759,24698500
2019-10-11,46.669998,47.299999,46.459999,46.560001,44.650951,25153600
2019-10-14,46.549999,46.549999,46.000000,46.049999,44.161854,15076900
2019-10-15,46.250000,46.580002,46.040001,46.360001,44.459152,18794400
2019-10-16,46.360001,46.880001,46.320000,46.790001,44.871521,16454200
2019-10-17,47.150002,47.299999,46.599998,47.029999,45.101681,14352400
2019-10-18,47.099998,47.270000,46.660000,46.709999,44.794796,17226200
2019-10-21,47.139999,47.480000,46.970001,47.389999,45.446918,13277700
2019-10-22,47.500000,47.889999,47.400002,47.549999,45.600353,15067100
2019-10-23,47.470001,47.700001,46.840000,47.049999,45.120857,15647100
2019-10-24,47.230000,47.230000,46.099998,46.410000,44.507099,18338800
2019-10-25,46.540001,46.990002,46.459999,46.900002,44.977001,15701200
2019-10-28,47.150002,47.599998,47.060001,47.169998,45.235935,13859700
2019-10-29,47.000000,47.430000,46.910000,47.240002,45.303070,13713900
2019-10-30,47.299999,47.580002,47.160000,47.560001,45.609947,12062000
2019-10-31,47.599998,47.650002,47.099998,47.509998,45.561996,12488300
2019-11-01,46.849998,47.490002,46.639999,47.029999,45.101681,24404100
2019-11-04,47.500000,47.880001,47.320000,47.480000,45.533230,15018900
2019-11-05,47.590000,47.919998,47.259998,47.759998,45.801743,18988900
2019-11-06,47.810001,48.500000,47.790001,48.270000,46.290836,15904500
2019-11-07,48.610001,48.980000,48.200001,48.419998,46.434685,16717800
2019-11-08,48.419998,48.849998,48.049999,48.830002,46.827873,14407000
2019-11-11,48.009998,48.470001,47.560001,48.099998,46.127808,19590400
2019-11-12,48.290001,48.740002,48.119999,48.369999,46.386734,15632900
2019-11-13,48.240002,48.849998,48.150002,48.459999,46.473042,25187000
2019-11-14,45.560001,46.000000,44.599998,44.910000,43.068600,65568900
2019-11-15,45.070000,45.650002,44.810001,45.090000,43.241226,32385000
2019-11-18,44.980000,45.189999,44.439999,45.150002,43.298763,22742800
2019-11-19,45.389999,45.599998,45.080002,45.470001,43.605640,19612600
2019-11-20,45.689999,45.740002,44.930000,45.080002,43.231628,18660800
2019-11-21,45.130001,45.150002,44.689999,44.840000,43.001472,19868800
2019-11-22,45.150002,45.169998,44.689999,44.849998,43.011059,18725700
2019-11-25,45.000000,45.549999,44.930000,45.450001,43.586464,19653300
2019-11-26,45.529999,45.770000,45.250000,45.310001,43.452198,29422000
2019-11-27,45.360001,45.419998,44.930000,45.240002,43.385075,14889900
2019-11-29,45.240002,45.540001,45.150002,45.310001,43.452198,9808900
2019-12-02,45.250000,45.330002,44.669998,44.700001,42.867210,17630100
2019-12-03,44.400002,44.490002,43.740002,44.279999,42.464432,19625500
2019-12-04,44.520000,44.549999,43.860001,43.889999,42.090420,17202200
2019-12-05,44.049999,44.099998,43.400002,43.520000,41.735596,22632800
2019-12-06,43.889999,44.060001,43.650002,43.840000,42.042469,16541000
2019-12-09,43.889999,44.369999,43.750000,43.900002,42.100018,17508500
2019-12-10,43.849998,44.180000,43.799999,44.099998,42.291809,21862400
2019-12-11,44.360001,44.450001,44.150002,44.279999,42.464432,16440500
2019-12-12,44.549999,45.770000,44.410000,45.669998,43.797436,27061600
2019-12-13,45.910000,46.049999,45.200001,45.299999,43.442608,21796900
2019-12-16,45.799999,46.590000,45.799999,45.980000,44.094727,21871300
2019-12-17,46.220001,46.520000,45.930000,46.439999,44.535866,22510000
2019-12-18,46.520000,46.759998,46.250000,46.639999,44.727665,21921200
2019-12-19,47.150002,47.990002,47.110001,47.880001,45.916828,30764700
2019-12-20,48.250000,48.369999,47.419998,47.450001,45.504459,52575300
2019-12-23,47.549999,48.299999,47.419998,48.099998,46.127808,20253500
2019-12-24,48.160000,48.250000,47.650002,47.779999,45.820923,7044700
2019-12-26,47.779999,48.000000,47.650002,47.849998,45.888054,11091700
2019-12-27,47.990002,48.020000,47.680000,47.770000,45.811337,11056800
2019-12-30,47.750000,47.880001,47.290001,47.590000,45.638714,12128600
2019-12-31,47.540001,47.980000,47.410000,47.959999,45.993546,14892600
2020-01-02,48.060001,48.419998,47.880001,48.419998,46.776043,16708100
2020-01-03,47.910000,48.139999,47.480000,47.630001,46.012867,15577400
2020-01-06,47.139999,47.820000,47.009998,47.799999,46.177094,22183600
2020-01-07,47.720001,47.720001,47.099998,47.490002,45.877617,16501900
2020-01-08,46.970001,47.790001,46.810001,47.520000,45.906601,25175900
2020-01-09,47.790001,47.880001,47.070000,47.320000,45.713390,18203600
2020-01-10,47.480000,47.560001,47.060001,47.130001,45.529842,13502600
2020-01-13,47.310001,47.980000,47.299999,47.970001,46.341324,18237400
2020-01-14,47.959999,47.990002,47.619999,47.790001,46.167435,17948700
2020-01-15,47.919998,48.400002,47.759998,48.009998,46.379963,16289400
2020-01-16,48.380001,49.080002,48.230000,49.049999,47.384651,20094900
2020-01-17,49.310001,49.540001,48.869999,49.020000,47.355667,27176200
2020-01-21,48.959999,49.200001,48.669998,48.799999,47.143139,21771800
2020-01-22,49.279999,49.529999,49.040001,49.070000,47.403976,15186000
2020-01-23,49.000000,49.180000,48.410000,49.000000,47.336349,16767700
2020-01-24,49.220001,49.480000,48.540001,48.849998,47.191448,14066700
2020-01-27,47.889999,48.070000,47.270000,47.470001,45.858299,20666000
2020-01-28,47.520000,47.970001,47.500000,47.770000,46.148113,14035100
2020-01-29,47.970001,47.980000,46.930000,47.049999,45.452560,14273600
2020-01-30,46.540001,47.270000,46.259998,47.240002,45.636108,14822600
2020-01-31,46.990002,47.000000,45.840000,45.970001,44.409229,20069900
2020-02-03,46.400002,46.830002,46.209999,46.529999,44.950211,15383500
2020-02-04,47.220001,47.709999,47.110001,47.619999,46.003204,13947300
2020-02-05,48.330002,48.599998,48.150002,48.450001,46.805023,17042300
2020-02-06,48.689999,48.820000,48.220001,48.689999,47.036880,9814800
2020-02-07,48.599998,48.770000,47.869999,47.970001,46.341324,16807500
2020-02-10,47.990002,48.889999,47.880001,48.869999,47.210766,19012700
2020-02-11,49.389999,49.709999,48.860001,49.130001,47.461937,23168300
2020-02-12,49.430000,50.279999,49.400002,49.930000,48.234776,31686200
2020-02-13,47.150002,47.669998,46.580002,47.320000,45.713390,47044700
2020-02-14,47.160000,47.220001,46.480000,46.970001,45.375278,26747200
2020-02-18,46.820000,46.849998,46.290001,46.590000,45.008175,18546300
2020-02-19,46.689999,46.810001,45.900002,46.290001,44.718361,27626400
2020-02-20,46.090000,46.959999,45.900002,46.849998,45.259346,20416700
2020-02-21,46.730000,46.849998,46.049999,46.299999,44.728020,20028700
2020-02-24,45.000000,45.680000,44.000000,44.000000,42.506111,35295900
2020-02-25,44.049999,44.209999,42.070000,42.740002,41.288891,48024700
2020-02-26,42.970001,43.380001,41.939999,42.160000,40.728584,38513200
2020-02-27,41.279999,42.099998,40.009998,40.040001,38.680561,51442900
2020-02-28,38.700001,40.549999,38.349998,39.930000,38.574295,80194000
2020-03-02,40.150002,41.189999,38.919998,41.169998,39.772198,48864300
2020-03-03,41.259998,41.900002,39.709999,40.040001,38.680561,49294700
2020-03-04,40.720001,41.450001,39.799999,41.389999,39.984722,30022100
2020-03-05,40.169998,40.509998,39.290001,39.570000,38.226517,30255900
2020-03-06,38.000000,39.950001,37.799999,39.680000,38.332787,48605600
2020-03-09,36.900002,39.560001,36.290001,37.959999,36.671181,61535300
2020-03-10,39.250000,40.150002,37.869999,40.080002,38.719204,50536500
2020-03-11,39.020000,39.160000,36.369999,37.049999,35.792076,63594300
2020-03-12,34.500000,35.820000,33.000000,33.200001,32.072792,51855300
2020-03-13,35.180000,37.680000,33.330002,37.639999,36.362045,53859600
2020-03-16,33.230000,36.990002,32.400002,33.709999,32.565479,44211300
2020-03-17,34.700001,36.250000,33.599998,35.500000,34.294704,41572400
2020-03-18,33.759998,37.709999,33.310001,37.119999,35.859699,56904300
2020-03-19,37.049999,39.320000,36.150002,37.709999,36.429665,58319700
2020-03-20,38.270000,38.470001,35.400002,35.599998,34.391308,48582500
2020-03-23,35.509998,35.820000,33.740002,34.599998,33.425259,39823400
2020-03-24,36.410000,38.680000,35.540001,38.599998,37.289452,48235600
2020-03-25,38.650002,39.950001,37.500000,37.669998,36.391026,42873900
2020-03-26,37.970001,40.919998,37.369999,40.580002,39.202229,38473300
2020-03-27,39.209999,40.150002,38.410000,38.820000,37.501984,31278600
2020-03-30,39.450001,40.490002,38.959999,40.320000,38.951057,27120300
2020-03-31,40.130001,40.419998,39.110001,39.310001,37.975349,26014200
2020-04-01,38.169998,38.860001,37.869999,38.330002,37.028625,26790700
2020-04-02,37.840000,39.950001,37.470001,39.799999,38.813248,28180500
2020-04-03,39.820000,40.290001,38.540001,39.060001,38.091595,21235200
2020-04-06,40.459999,41.680000,39.779999,41.430000,40.402836,31641400
2020-04-07,42.660000,42.740002,40.590000,40.639999,39.632423,30366100
2020-04-08,41.169998,42.200001,40.869999,41.740002,40.705154,22683500
2020-04-09,42.090000,42.200001,40.849998,41.200001,40.178539,27650200
2020-04-13,41.040001,41.459999,40.529999,41.220001,40.198048,19592000
2020-04-14,41.910000,42.820000,41.529999,42.779999,41.719368,22882400
2020-04-15,42.200001,42.369999,41.230000,41.520000,40.490608,18428800
2020-04-16,41.759998,41.790001,40.680000,41.500000,40.471100,26178000
2020-04-17,42.250000,42.639999,41.740002,42.480000,41.426807,30701500
2020-04-20,41.919998,43.290001,41.790001,42.540001,41.485317,23438800
2020-04-21,41.830002,41.990002,40.410000,40.549999,39.544651,31661000
2020-04-22,41.270000,42.090000,41.110001,41.759998,40.724651,18337400
2020-04-23,41.889999,42.549999,41.529999,41.619999,40.588127,16100200
2020-04-24,41.840000,42.660000,41.650002,42.520000,41.465816,14641700
2020-04-27,42.700001,43.220001,42.580002,43.060001,41.992428,17937900
2020-04-28,43.500000,43.630001,42.410000,42.490002,41.436562,16427700
2020-04-29,43.349998,43.480000,42.930000,43.340000,42.265484,17430100
2020-04-30,43.169998,43.169998,42.169998,42.380001,41.329285,26679900
2020-05-01,41.720001,41.810001,40.770000,40.919998,39.905479,22095300
2020-05-04,40.950001,41.410000,40.490002,41.349998,40.324818,15997700
2020-05-05,41.610001,41.930000,41.389999,41.459999,40.432091,15060200
2020-05-06,41.560001,41.689999,40.970001,41.150002,40.129780,16040300
2020-05-07,41.590000,41.770000,41.220001,41.369999,40.344322,20173600
2020-05-08,42.020000,43.020000,41.700001,42.990002,41.924160,21962800
2020-05-11,42.779999,43.650002,42.610001,43.320000,42.245979,26182700
2020-05-12,43.939999,44.299999,43.189999,43.220001,42.148460,25817100
2020-05-13,43.410000,43.570000,41.310001,41.950001,40.909946,36986700
2020-05-14,43.430000,44.580002,43.259998,43.849998,42.762836,50417700
2020-05-15,42.930000,44.380001,42.849998,44.270000,43.172428,30573000
2020-05-18,45.209999,45.299999,44.330002,45.060001,43.942841,26980100
2020-05-19,44.830002,44.980000,44.410000,44.610001,43.503994,24345400
2020-05-20,45.049999,45.820000,45.029999,45.439999,44.313416,20184500
2020-05-21,45.450001,45.660000,44.560001,44.639999,43.533253,18674900
2020-05-22,44.669998,44.950001,44.119999,44.900002,43.786808,12592800
2020-05-26,45.779999,45.799999,44.680000,44.840000,43.728298,21776900
2020-05-27,45.040001,45.980000,44.799999,45.959999,44.820526,22157200
2020-05-28,45.900002,46.459999,45.369999,45.599998,44.469452,20013000
2020-05-29,46.040001,47.820000,45.410000,47.820000,46.634411,43570400
2020-06-01,47.150002,47.290001,46.230000,46.299999,45.152096,18712400
2020-06-02,46.400002,46.900002,45.880001,46.889999,45.727470,17285900
2020-06-03,46.980000,47.200001,46.540001,46.939999,45.776230,17492000
2020-06-04,46.770000,47.250000,46.529999,46.860001,45.698215,14100700
2020-06-05,47.270000,48.290001,47.200001,47.830002,46.644169,22591100
2020-06-08,47.459999,48.160000,47.119999,48.130001,46.936729,17820900
2020-06-09,48.020000,48.240002,47.490002,48.049999,46.858707,18597300
2020-06-10,47.660000,47.830002,47.119999,47.419998,46.244331,18462400
2020-06-11,46.990002,47.000000,43.639999,43.669998,42.587299,35582000
2020-06-12,44.959999,45.860001,44.110001,45.070000,43.952595,26125600
2020-06-15,44.119999,45.759998,43.930000,45.349998,44.225647,21300100
2020-06-16,47.410000,47.490002,45.910000,46.480000,45.327633,28074600
2020-06-17,46.750000,46.820000,45.900002,46.169998,45.025318,20399100
2020-06-18,45.790001,46.049999,45.349998,45.830002,44.693748,22423500
2020-06-19,46.259998,46.509998,45.049999,45.320000,44.196392,36103200
2020-06-22,45.110001,45.459999,44.810001,45.160000,44.040359,18398600
2020-06-23,45.919998,46.150002,45.320000,45.470001,44.342674,23222400
2020-06-24,45.290001,45.470001,44.389999,44.750000,43.640526,22840100
2020-06-25,44.770000,45.320000,44.200001,45.220001,44.098873,19114900
2020-06-26,45.119999,46.509998,44.630001,46.310001,45.161850,106928300
2020-06-29,46.340000,46.450001,45.669998,46.150002,45.005821,23875400
2020-06-30,46.150002,47.009998,46.099998,46.639999,45.483669,21888800
2020-07-01,46.540001,46.720001,46.000000,46.060001,44.918049,17129500
2020-07-02,46.070000,46.220001,45.480000,45.630001,44.849243,19632000
2020-07-06,46.070000,46.490002,45.869999,46.419998,45.625729,16152900
2020-07-07,46.119999,46.290001,45.560001,45.630001,44.849243,17102800
2020-07-08,45.590000,46.070000,45.320000,45.810001,45.026165,15020800
2020-07-09,46.599998,47.200001,46.220001,46.700001,45.900940,26027700
2020-07-10,46.730000,46.919998,46.240002,46.660000,45.861622,13775700
2020-07-13,46.869999,46.990002,45.779999,45.930000,45.144115,17965500
2020-07-14,45.490002,46.500000,45.410000,46.259998,45.468464,19303500
2020-07-15,46.500000,46.830002,45.990002,46.400002,45.606071,15705000
2020-07-16,45.700001,45.830002,45.200001,45.779999,44.996677,17709400
2020-07-17,46.040001,46.930000,45.880001,46.750000,45.950081,20389700
2020-07-20,46.669998,47.099998,46.259998,46.970001,46.166317,15966500
2020-07-21,47.279999,47.330002,46.849998,47.020000,46.215462,16074700
2020-07-22,47.020000,47.110001,46.529999,46.900002,46.097519,27218300
2020-07-23,46.980000,47.700001,46.680000,47.410000,46.598789,23750200
2020-07-24,47.490002,47.639999,46.110001,46.400002,45.606071,16983600
2020-07-27,46.660000,47.259998,46.150002,47.189999,46.382553,15576000
2020-07-28,46.980000,47.080002,46.209999,46.279999,45.488121,13975300
2020-07-29,46.400002,46.880001,46.369999,46.709999,45.910767,11618200
2020-07-30,46.130001,46.459999,45.380001,46.439999,45.645386,15385100
2020-07-31,46.389999,47.110001,45.860001,47.099998,46.294090,17706400
2020-08-03,47.139999,47.360001,46.680000,47.160000,46.353065,14141100
2020-08-04,47.009998,47.669998,46.910000,47.669998,46.854340,12839500
2020-08-05,47.669998,47.730000,47.049999,47.330002,46.520157,13077600
2020-08-06,47.230000,47.830002,47.099998,47.770000,46.952629,14190900
2020-08-07,47.330002,47.599998,47.029999,47.430000,46.618446,17054300
2020-08-10,47.160000,48.000000,47.160000,47.730000,46.913311,14999200
2020-08-11,47.900002,48.450001,47.090000,47.189999,46.382553,18859600
2020-08-12,47.279999,48.130001,47.270000,48.099998,47.276981,27023700
2020-08-13,43.790001,43.840000,42.380001,42.720001,41.989037,91849500
2020-08-14,42.490002,42.880001,42.270000,42.500000,41.772800,32539500
2020-08-17,42.549999,42.759998,41.860001,42.090000,41.369820,30511700
2020-08-18,42.130001,42.290001,41.810001,41.980000,41.261700,23344600
2020-08-19,42.099998,42.349998,41.779999,41.869999,41.153580,20097400
2020-08-20,41.869999,42.419998,41.730000,42.310001,41.586056,18443900
2020-08-21,42.049999,42.299999,41.810001,42.250000,41.527077,17389600
2020-08-24,42.070000,42.470001,42.000000,42.180000,41.458279,17742900
2020-08-25,42.230000,42.299999,41.779999,41.959999,41.242039,15417400
2020-08-26,41.650002,42.279999,41.450001,42.250000,41.527077,21625800
2020-08-27,42.400002,42.470001,42.020000,42.290001,41.566395,22456800
2020-08-28,42.139999,42.299999,42.000000,42.200001,41.477936,16573600
2020-08-31,42.099998,42.349998,41.939999,42.220001,41.497593,21298000
2020-09-01,42.000000,42.070000,41.500000,42.029999,41.310841,23344900
2020-09-02,42.040001,42.689999,42.029999,42.419998,41.694168,30045700
2020-09-03,41.750000,41.830002,40.669998,40.950001,40.249325,39288100
2020-09-04,41.200001,41.430000,40.439999,40.820000,40.121544,34867400
2020-09-08,40.049999,40.610001,39.970001,40.000000,39.315578,29101800
2020-09-09,40.099998,40.480000,39.720001,40.130001,39.443352,23351600
2020-09-10,40.029999,40.639999,39.419998,39.570000,38.892933,25108800
2020-09-11,39.770000,40.049999,39.520000,39.880001,39.197632,21853000
2020-09-14,40.220001,40.639999,40.049999,40.369999,39.679245,19866700
2020-09-15,40.509998,40.840000,40.380001,40.599998,39.905308,19024100
2020-09-16,40.720001,41.169998,40.389999,40.419998,39.728390,24310200
2020-09-17,39.660000,40.400002,39.509998,40.369999,39.679245,22225900
2020-09-18,40.180000,40.320000,39.580002,39.810001,39.128830,44450800
2020-09-21,39.310001,39.470001,38.689999,39.040001,38.372005,28495000
2020-09-22,39.180000,39.459999,38.880001,39.320000,38.647213,17656800
2020-09-23,39.230000,39.389999,38.180000,38.279999,37.625008,24843200
2020-09-24,38.000000,38.160000,37.599998,37.849998,37.202366,30910400
2020-09-25,37.759998,38.540001,37.619999,38.450001,37.792099,22966600
2020-09-28,39.200001,39.290001,38.790001,39.130001,38.460464,24275700
2020-09-29,39.070000,39.380001,38.830002,39.060001,38.391663,16353700
2020-09-30,39.090000,39.700001,39.020000,39.389999,38.716015,27113200
2020-10-01,39.099998,39.310001,38.570000,38.799999,38.487865,20763500
2020-10-02,38.049999,38.549999,37.970001,38.270000,37.962128,24493000
2020-10-05,38.480000,38.790001,38.279999,38.570000,38.259716,26929100
2020-10-06,38.500000,39.349998,38.400002,38.570000,38.259716,28430800
2020-10-07,38.980000,39.580002,38.779999,39.400002,39.083038,20593700
2020-10-08,39.799999,40.180000,39.660000,39.790001,39.469902,19031300
2020-10-09,40.150002,40.230000,39.720001,39.849998,39.529415,16167500
2020-10-12,39.930000,40.529999,39.630001,40.360001,40.035316,22757200
2020-10-13,40.540001,40.610001,39.709999,39.810001,39.489742,23438300
2020-10-14,39.849998,40.419998,39.759998,39.889999,39.569096,16444700
2020-10-15,39.470001,40.000000,39.349998,39.970001,39.648453,15451400
2020-10-16,39.880001,40.299999,39.549999,40.160000,39.836926,21292500
2020-10-19,40.150002,40.380001,39.160000,39.299999,38.983841,19600500
2020-10-20,39.439999,39.509998,39.029999,39.200001,38.884647,16564900
2020-10-21,39.310001,39.570000,38.980000,39.060001,38.745773,17016300
2020-10-22,38.849998,38.959999,38.380001,38.820000,38.507702,20399000
2020-10-23,38.930000,38.970001,38.650002,38.820000,38.507702,15556100
2020-10-26,38.400002,38.430000,37.150002,37.669998,37.366955,29146500
2020-10-27,37.380001,37.500000,36.590000,36.869999,36.573391,37911500
2020-10-28,36.320000,36.509998,35.680000,35.709999,35.422722,34561500
2020-10-29,35.509998,36.070000,35.279999,35.689999,35.402882,35332000
2020-10-30,35.599998,35.930000,35.490002,35.900002,35.611195,29151200
2020-11-02,36.189999,36.349998,35.669998,35.900002,35.611195,23483100
2020-11-03,36.360001,37.330002,36.299999,36.680000,36.384918,27342900
2020-11-04,37.029999,37.299999,36.500000,36.570000,36.275803,30121900
2020-11-05,37.020000,37.299999,36.910000,37.230000,36.930496,23149700
2020-11-06,37.560001,37.599998,37.080002,37.529999,37.228081,19475300
2020-11-09,39.919998,40.230000,38.119999,38.200001,37.892693,42649500
2020-11-10,38.209999,39.029999,38.169998,38.720001,38.408508,31514500
2020-11-11,39.009998,39.450001,38.439999,39.330002,39.013603,27332800
2020-11-12,38.980000,39.389999,38.400002,38.669998,38.358910,29368300
2020-11-13,41.200001,41.520000,40.560001,41.400002,41.066952,49106400
2020-11-16,41.740002,42.590000,41.349998,42.540001,42.197777,34572600
2020-11-17,41.919998,42.349998,41.619999,41.880001,41.543087,23140900
2020-11-18,41.900002,42.240002,41.259998,41.320000,40.987591,21327700
2020-11-19,41.000000,41.369999,40.770000,41.169998,40.838799,22177700
2020-11-20,41.049999,41.389999,40.919998,40.970001,40.640408,19776300
2020-11-23,41.029999,41.799999,41.020000,41.639999,41.305016,19651400
2020-11-24,42.139999,42.709999,41.900002,42.610001,42.267216,22849700
2020-11-25,42.779999,42.799999,42.209999,42.500000,42.158100,22617700
2020-11-27,42.860001,42.980000,42.639999,42.700001,42.356491,10769500
2020-11-30,42.439999,43.049999,42.410000,43.020000,42.673916,34741600
2020-12-01,43.009998,44.070000,43.009998,43.540001,43.189735,23948800
2020-12-02,43.389999,43.959999,43.349998,43.889999,43.536915,17422200
2020-12-03,43.779999,44.139999,43.599998,44.110001,43.755150,27710700
2020-12-04,43.889999,44.509998,43.889999,44.380001,44.022976,17319800
2020-12-07,44.290001,44.490002,43.910000,44.349998,43.993214,14086800
2020-12-08,44.209999,44.529999,43.930000,44.369999,44.013054,13348500
2020-12-09,44.470001,44.830002,44.360001,44.689999,44.330479,22679800
2020-12-10,44.540001,44.610001,44.110001,44.320000,43.963459,17741500
2020-12-11,43.939999,44.330002,43.720001,44.320000,43.963459,14577700
2020-12-14,44.270000,44.910000,44.150002,44.240002,43.884102,16112300
2020-12-15,44.389999,44.799999,44.139999,44.720001,44.360241,18165300
2020-12-16,44.700001,45.139999,44.529999,44.720001,44.360241,16192000
2020-12-17,44.910000,44.930000,44.599998,44.820000,44.459435,16141600
2020-12-18,44.900002,45.570000,44.770000,45.439999,45.074448,41027000
2020-12-21,44.470001,44.959999,44.070000,44.880001,44.518955,19865300
2020-12-22,44.439999,45.070000,44.439999,44.689999,44.330479,16024000
2020-12-23,44.650002,44.799999,44.349998,44.380001,44.022976,12032600
2020-12-24,44.450001,44.590000,44.230000,44.540001,44.181690,5720500
2020-12-28,44.930000,45.340000,44.720001,44.919998,44.558628,13458400
2020-12-29,44.970001,45.250000,44.529999,44.639999,44.280884,11829000
2020-12-30,44.740002,45.060001,44.439999,44.480000,44.122169,11043100