,Date,Open,High,Low,Close,Adj Close,Volume
0,2016-01-04,22.24,22.809998999999998,22.23,22.790001,22.790001,385800
1,2016-01-05,22.610001,22.75,22.48,22.67,22.67,52600
2,2016-01-06,22.370001000000002,22.52,22.209999,22.389999,22.389999,66000
3,2016-01-07,22.35,22.629998999999998,22.15,22.629998999999998,22.629998999999998,49900
4,2016-01-08,21.690001000000002,22.030001000000002,21.51,21.57,21.57,69000
5,2016-01-11,21.65,21.66,21.34,21.6,21.6,98700
6,2016-01-12,21.4,21.620001000000002,21.309998999999998,21.48,21.48,64100
7,2016-01-13,21.52,21.65,21.02,21.120001000000002,21.120001000000002,490100
8,2016-01-14,21.5,21.77,21.41,21.66,21.66,57900
9,2016-01-15,21.35,21.440001000000002,21.120001000000002,21.34,21.34,85900
10,2016-01-19,21.709999,21.889999,21.42,21.610001,21.610001,81400
11,2016-01-20,21.0,21.09,20.620001000000002,20.9,20.9,112200
12,2016-01-21,20.440001000000002,20.549999,20.190001000000002,20.450001,20.450001,145800
13,2016-01-22,21.0,21.389999,20.98,21.379998999999998,21.379998999999998,332600
14,2016-01-25,21.5,21.6,21.23,21.24,21.24,73700
15,2016-01-26,21.209999,21.49,21.209999,21.49,21.49,40400
16,2016-01-27,21.26,21.530001000000002,21.110001,21.27,21.27,40400
17,2016-01-28,21.440001000000002,21.59,21.18,21.389999,21.389999,70300
18,2016-01-29,21.98,22.309998999999998,21.860001,22.309998999999998,22.309998999999998,87200
19,2016-02-01,22.75,22.75,22.49,22.690001000000002,22.690001000000002,57100
20,2016-02-02,22.84,22.84,22.440001000000002,22.559998999999998,22.559998999999998,85800
21,2016-02-03,22.58,22.85,22.51,22.799999,22.799999,67800
22,2016-02-04,21.870001000000002,22.4,21.870001000000002,22.35,22.35,53600
23,2016-02-05,21.76,21.870001000000002,21.540001,21.690001000000002,21.690001000000002,64100
24,2016-02-08,21.5,21.75,21.5,21.65,21.65,56600
25,2016-02-09,21.389999,21.58,21.24,21.51,21.51,72600
26,2016-02-10,20.860001,21.42,20.790001,20.959999,20.959999,65200
27,2016-02-11,20.450001,20.85,20.450001,20.780001000000002,20.780001000000002,74900
28,2016-02-12,19.690001000000002,20.139999,19.690001000000002,20.139999,20.139999,75100
29,2016-02-16,20.09,20.23,19.940001000000002,20.1,20.1,72800
30,2016-02-17,20.42,20.6,20.389999,20.42,20.42,81500
31,2016-02-18,20.459999,20.83,20.41,20.450001,20.450001,63800
32,2016-02-19,20.67,20.67,20.34,20.559998999999998,20.559998999999998,66500
33,2016-02-22,20.139999,20.35,20.139999,20.25,20.25,117900
34,2016-02-23,19.459999,19.620001000000002,19.32,19.450001,19.450001,70900
35,2016-02-24,19.5,19.85,19.5,19.809998999999998,19.809998999999998,203200
36,2016-02-25,19.68,20.030001000000002,19.68,19.940001000000002,19.940001000000002,79400
37,2016-02-26,20.32,20.450001,20.24,20.35,20.35,91900
38,2016-02-29,19.879998999999998,20.059998999999998,19.860001,19.940001000000002,19.940001000000002,74500
39,2016-03-01,20.01,20.25,19.82,20.25,20.25,96500
40,2016-03-02,20.290001,20.290001,20.1,20.219998999999998,20.219998999999998,127700
41,2016-03-03,20.35,20.4,20.25,20.32,20.32,58100
42,2016-03-04,20.610001,20.610001,20.35,20.450001,20.450001,66800
43,2016-03-07,19.42,19.780001000000002,19.42,19.77,19.77,64400
44,2016-03-08,19.639999,19.780001000000002,19.440001000000002,19.57,19.57,88300
45,2016-03-09,20.27,20.27,20.110001,20.209999,20.209999,45300
46,2016-03-10,20.73,20.73,20.309998999999998,20.549999,20.549999,75500
47,2016-03-11,20.709999,20.889999,20.629998999999998,20.85,20.85,66500
48,2016-03-14,21.030001000000002,21.27,21.030001000000002,21.26,21.26,94900
49,2016-03-15,21.41,21.469998999999998,21.33,21.4,21.4,49900
50,2016-03-16,21.530001000000002,21.709999,21.43,21.629998999999998,21.629998999999998,140200
51,2016-03-17,21.389999,21.889999,21.389999,21.799999,21.799999,148500
52,2016-03-18,20.959999,21.27,20.959999,21.25,21.25,46200
53,2016-03-21,21.16,21.35,21.16,21.309998999999998,21.309998999999998,61200
54,2016-03-22,21.24,21.290001,21.16,21.23,21.23,64100
55,2016-03-23,21.43,21.43,21.200001,21.209999,21.209999,102600
56,2016-03-24,21.33,21.459999,21.190001000000002,21.35,21.35,92100
57,2016-03-28,21.16,21.809998999999998,21.16,21.58,21.58,45100
58,2016-03-29,21.860001,22.25,21.67,22.18,22.18,95000
59,2016-03-30,22.040001,22.219998999999998,22.01,22.139999,22.139999,62600
60,2016-03-31,21.16,21.41,21.16,21.309998999999998,21.309998999999998,48600
61,2016-04-01,20.280001000000002,20.73,20.280001000000002,20.66,20.66,48200
62,2016-04-04,20.889999,21.040001,20.870001000000002,20.9,20.9,48300
63,2016-04-05,20.809998999999998,20.940001000000002,20.790001,20.83,20.83,58500
64,2016-04-06,20.51,20.84,20.51,20.76,20.76,79800
65,2016-04-07,20.27,21.5,20.26,21.5,21.5,134200
66,2016-04-08,21.42,21.639999,21.42,21.59,21.59,95900
67,2016-04-11,21.65,21.65,21.5,21.5,21.5,59500
68,2016-04-12,21.35,21.74,21.059998999999998,21.48,21.48,108900
69,2016-04-13,21.48,21.639999,21.43,21.620001000000002,21.620001000000002,72800
70,2016-04-14,22.0,22.0,21.790001,21.790001,21.790001,370900
71,2016-04-15,21.709999,22.0,21.709999,21.809998999999998,21.809998999999998,1674900
72,2016-04-18,21.67,21.85,21.67,21.799999,21.799999,198400
73,2016-04-19,21.76,21.870001000000002,21.65,21.73,21.73,851100
74,2016-04-20,21.5,21.559998999999998,21.370001000000002,21.49,21.49,1488500
75,2016-04-21,21.870001000000002,21.870001000000002,21.610001,21.700001,21.700001,1216600
76,2016-04-22,21.17,21.370001000000002,21.16,21.290001,21.290001,260000
77,2016-04-25,20.9,21.059998999999998,20.9,20.959999,20.959999,174500
78,2016-04-26,21.08,21.08,20.879998999999998,20.879998999999998,20.879998999999998,362100
79,2016-04-27,20.73,21.1,20.690001000000002,20.809998999999998,20.809998999999998,45100
80,2016-04-28,20.82,20.82,20.440001000000002,20.549999,20.549999,132000
81,2016-04-29,20.17,20.6,20.17,20.5,20.5,25700
82,2016-05-02,20.48,20.790001,20.48,20.790001,20.790001,48900
83,2016-05-03,20.610001,20.799999,20.41,20.68,20.68,52200
84,2016-05-04,20.18,20.66,20.1,20.6,20.6,40500
85,2016-05-05,20.299999,20.700001,20.299999,20.58,20.58,57000
86,2016-05-06,20.799999,21.0,20.639999,21.0,21.0,177900
87,2016-05-09,21.709999,21.950001,21.709999,21.82,21.82,36500
88,2016-05-10,22.1,22.1,21.75,22.01,22.01,27900
89,2016-05-11,21.870001000000002,21.870001000000002,21.5,21.559998999999998,21.559998999999998,39000
90,2016-05-12,22.0,22.0,21.59,21.620001000000002,21.620001000000002,36100
91,2016-05-13,21.74,21.74,21.42,21.59,21.59,15100
92,2016-05-16,21.59,21.790001,21.59,21.77,21.77,34500
93,2016-05-17,21.67,22.0,21.620001000000002,21.700001,21.700001,27700
94,2016-05-18,21.6,21.77,21.530001000000002,21.57,21.57,40600
95,2016-05-19,21.48,21.48,21.15,21.25,21.25,28400
96,2016-05-20,21.360001,21.5,21.24,21.35,21.35,39500
97,2016-05-23,21.290001,21.290001,20.940001000000002,21.02,21.02,47800
98,2016-05-24,20.969998999999998,21.129998999999998,20.790001,20.98,20.98,35200
99,2016-05-25,21.059998999999998,21.25,21.059998999999998,21.129998999999998,21.129998999999998,31400
100,2016-05-26,21.360001,21.76,21.360001,21.469998999999998,21.469998999999998,201800
101,2016-05-27,21.370001000000002,21.49,21.190001000000002,21.41,21.41,27900
102,2016-05-31,21.25,21.34,21.190001000000002,21.27,21.27,46700
103,2016-06-01,21.190001000000002,21.309998999999998,21.18,21.190001000000002,21.190001000000002,41600
104,2016-06-02,21.200001,21.200001,21.1,21.129998999999998,21.129998999999998,76900
105,2016-06-03,21.559998999999998,21.719998999999998,21.540001,21.620001000000002,21.620001000000002,33100
106,2016-06-06,21.700001,21.9,21.700001,21.84,21.84,107600
107,2016-06-07,21.74,21.93,21.66,21.66,21.66,37800
108,2016-06-08,22.040001,22.25,22.040001,22.09,22.09,42400
109,2016-06-09,21.91,21.969998999999998,21.780001000000002,21.9,21.9,48600
110,2016-06-10,21.190001000000002,21.27,21.059998999999998,21.18,21.18,34200
111,2016-06-13,21.0,21.0,20.809998999999998,20.809998999999998,20.809998999999998,26700
112,2016-06-14,20.559998999999998,20.709999,20.559998999999998,20.68,20.68,29100
113,2016-06-15,20.860001,21.049999,20.709999,20.719998999999998,20.719998999999998,83800
114,2016-06-16,20.5,20.700001,20.459999,20.700001,20.700001,34300
115,2016-06-17,20.540001,20.709999,20.51,20.700001,20.700001,41300
116,2016-06-20,20.99,21.040001,20.879998999999998,20.950001,20.950001,29900
117,2016-06-21,21.700001,21.700001,21.35,21.450001,21.450001,25200
118,2016-06-22,21.309998999999998,21.360001,21.15,21.209999,21.209999,36400
119,2016-06-23,21.42,21.469998999999998,21.25,21.42,21.42,52300
120,2016-06-24,20.780001000000002,20.93,20.629998999999998,20.65,20.65,106700
121,2016-06-27,21.15,21.35,20.99,21.25,21.25,128800
122,2016-06-28,21.450001,21.790001,21.43,21.540001,21.540001,106000
123,2016-06-29,21.24,21.34,21.07,21.190001000000002,21.190001000000002,30000
124,2016-06-30,20.620001000000002,20.93,20.620001000000002,20.85,20.85,38400
125,2016-07-01,20.459999,20.74,20.459999,20.620001000000002,20.620001000000002,24800
126,2016-07-05,20.610001,20.75,20.450001,20.51,20.51,24100
127,2016-07-06,20.370001000000002,20.540001,20.280001000000002,20.459999,20.459999,75300
128,2016-07-07,20.370001000000002,20.700001,20.370001000000002,20.5,20.5,53600
129,2016-07-08,20.360001,20.780001000000002,20.360001,20.719998999999998,20.719998999999998,49000
130,2016-07-11,21.08,21.280001000000002,21.08,21.18,21.18,36100
131,2016-07-12,21.440001000000002,21.469998999999998,21.18,21.34,21.34,313200
132,2016-07-13,21.65,21.77,21.65,21.75,21.75,32800
133,2016-07-14,21.66,21.809998999999998,21.66,21.780001000000002,21.780001000000002,31200
134,2016-07-15,21.190001000000002,21.379998999999998,21.190001000000002,21.24,21.24,410600
135,2016-07-18,21.219998999999998,21.43,21.219998999999998,21.299999,21.299999,36200
136,2016-07-19,21.110001,21.25,21.110001,21.17,21.17,45200
137,2016-07-20,21.15,21.530001000000002,21.15,21.25,21.25,50400
138,2016-07-21,21.040001,21.16,20.860001,21.059998999999998,21.059998999999998,29300
139,2016-07-22,20.950001,21.049999,20.860001,20.98,20.98,30900
140,2016-07-25,20.719998999999998,21.02,20.719998999999998,20.85,20.85,27400
141,2016-07-26,20.700001,21.040001,20.700001,20.799999,20.799999,51700
142,2016-07-27,20.84,20.84,20.549999,20.66,20.66,24400
143,2016-07-28,20.34,20.5,20.139999,20.35,20.35,24500
144,2016-07-29,20.719998999999998,20.77,20.65,20.74,20.74,33200
145,2016-08-01,20.49,20.799999,20.49,20.65,20.65,109100
146,2016-08-02,20.799999,21.049999,20.52,20.99,20.99,158100
147,2016-08-03,20.57,20.790001,20.57,20.780001000000002,20.780001000000002,39400
148,2016-08-04,20.879998999999998,21.040001,20.709999,20.860001,20.860001,33100
149,2016-08-05,20.6,20.82,20.6,20.780001000000002,20.780001000000002,34200
150,2016-08-08,21.120001000000002,21.200001,21.120001000000002,21.200001,21.200001,41800
151,2016-08-09,21.629998999999998,21.690001000000002,21.450001,21.67,21.67,186600
152,2016-08-10,21.73,21.790001,21.540001,21.58,21.58,30200
153,2016-08-11,21.860001,21.860001,21.629998999999998,21.67,21.67,61900
154,2016-08-12,21.91,21.99,21.84,21.870001000000002,21.870001000000002,46800
155,2016-08-15,21.559998999999998,21.76,21.559998999999998,21.700001,21.700001,52200
156,2016-08-16,21.709999,21.709999,21.48,21.530001000000002,21.530001000000002,57200
157,2016-08-17,21.49,21.700001,21.49,21.65,21.65,74300
158,2016-08-18,21.700001,21.959999,21.700001,21.92,21.92,30200
159,2016-08-19,21.84,21.860001,21.690001000000002,21.860001,21.860001,63900
160,2016-08-22,22.1,22.1,21.879998999999998,21.98,21.98,37100
161,2016-08-23,22.610001,22.75,22.5,22.530001000000002,22.530001000000002,32100
162,2016-08-24,22.34,22.66,22.34,22.440001000000002,22.440001000000002,20200
163,2016-08-25,22.07,22.07,21.799999,21.889999,21.889999,45700
164,2016-08-26,21.690001000000002,21.889999,21.34,21.5,21.5,26200
165,2016-08-29,21.0,21.18,20.870001000000002,20.959999,20.959999,19900
166,2016-08-30,20.969998999999998,21.15,20.969998999999998,21.07,21.07,51400
167,2016-08-31,21.059998999999998,21.209999,20.92,20.98,20.98,23700
168,2016-09-01,21.620001000000002,21.67,21.58,21.620001000000002,21.620001000000002,69700
169,2016-09-02,21.59,21.620001000000002,21.48,21.58,21.58,28600
170,2016-09-06,21.67,21.91,21.67,21.870001000000002,21.870001000000002,28700
171,2016-09-07,21.99,22.129998999999998,21.940001000000002,22.01,22.01,38200
172,2016-09-08,21.799999,21.98,21.799999,21.85,21.85,413100
173,2016-09-09,21.75,21.75,21.5,21.51,21.51,38300
174,2016-09-12,21.389999,21.75,21.389999,21.75,21.75,41200
175,2016-09-13,21.440001000000002,21.450001,21.209999,21.299999,21.299999,32400
176,2016-09-14,21.110001,21.190001000000002,21.09,21.110001,21.110001,36800
177,2016-09-15,21.27,21.299999,21.15,21.26,21.26,33400
178,2016-09-16,21.709999,21.709999,21.4,21.43,21.43,47000
179,2016-09-19,21.73,21.73,21.5,21.639999,21.639999,28200
180,2016-09-20,22.219998999999998,22.33,22.190001000000002,22.24,22.24,54100
181,2016-09-21,23.08,23.34,23.059998999999998,23.309998999999998,23.309998999999998,48700
182,2016-09-22,23.469998999999998,23.549999,23.389999,23.41,23.41,75800
183,2016-09-23,23.030001000000002,23.18,22.91,22.969998999999998,22.969998999999998,22600
184,2016-09-26,23.049999,23.25,23.049999,23.190001000000002,23.190001000000002,28500
185,2016-09-27,23.459999,23.57,23.450001,23.530001000000002,23.530001000000002,64100
186,2016-09-28,23.299999,23.639999,23.299999,23.48,23.48,89900
187,2016-09-29,23.26,23.6,23.26,23.450001,23.450001,17200
188,2016-09-30,23.48,23.700001,21.9,22.719998999999998,22.719998999999998,244900
189,2016-10-03,23.4,23.49,23.360001,23.4,23.4,55600
190,2016-10-04,23.360001,23.530001000000002,23.280001000000002,23.280001000000002,23.280001000000002,38800
191,2016-10-05,23.5,23.5,23.4,23.450001,23.450001,46000
192,2016-10-06,23.120001000000002,23.799999,22.85,22.950001,22.950001,225000
193,2016-10-07,22.07,22.27,22.01,22.200001,22.200001,31200
194,2016-10-10,22.02,22.360001,22.02,22.15,22.15,21400
195,2016-10-11,21.5,21.5,21.290001,21.33,21.33,23400
196,2016-10-12,21.25,21.34,21.24,21.26,21.26,17500
197,2016-10-13,21.129998999999998,21.280001000000002,21.01,21.25,21.25,30600
198,2016-10-14,21.440001000000002,21.48,21.299999,21.469998999999998,21.469998999999998,27100
199,2016-10-17,21.110001,21.290001,21.110001,21.26,21.26,20300
200,2016-10-18,21.190001000000002,21.469998999999998,21.190001000000002,21.370001000000002,21.370001000000002,31700
201,2016-10-19,21.75,21.75,21.58,21.639999,21.639999,17500
202,2016-10-20,21.68,21.889999,21.68,21.84,21.84,19600
203,2016-10-21,21.879998999999998,21.9,21.620001000000002,21.809998999999998,21.809998999999998,19000
204,2016-10-24,21.68,21.799999,21.68,21.790001,21.790001,17300
205,2016-10-25,21.469998999999998,21.59,21.459999,21.51,21.51,27300
206,2016-10-26,21.5,21.620001000000002,21.33,21.4,21.4,19800
207,2016-10-27,21.389999,21.389999,21.280001000000002,21.280001000000002,21.280001000000002,16400
208,2016-10-28,21.209999,21.34,21.08,21.27,21.27,25900
209,2016-10-31,20.690001000000002,20.870001000000002,20.690001000000002,20.85,20.85,33800
210,2016-11-01,21.0,21.1,20.98,21.049999,21.049999,96600
211,2016-11-02,21.0,21.0,20.790001,20.790001,20.790001,39500
212,2016-11-03,20.959999,21.09,20.84,20.969998999999998,20.969998999999998,73100
213,2016-11-04,20.67,20.959999,20.67,20.82,20.82,29000
214,2016-11-07,20.889999,20.969998999999998,20.85,20.91,20.91,18200
215,2016-11-08,20.700001,20.84,20.700001,20.700001,20.700001,29400
216,2016-11-09,20.73,20.799999,20.549999,20.58,20.58,36000
217,2016-11-10,20.58,20.58,20.309998999999998,20.389999,20.389999,27500
218,2016-11-11,19.950001,19.950001,19.76,19.809998999999998,19.809998999999998,43600
219,2016-11-14,19.639999,19.93,19.639999,19.84,19.84,29800
220,2016-11-15,19.93,20.200001,19.93,20.120001000000002,20.120001000000002,114600
221,2016-11-16,19.809998999999998,20.02,19.6,19.799999,19.799999,44000
222,2016-11-17,19.610001,19.940001000000002,19.610001,19.74,19.74,41500
223,2016-11-18,19.379998999999998,19.379998999999998,19.25,19.33,19.33,55400
224,2016-11-21,19.459999,19.610001,19.459999,19.57,19.57,63300
225,2016-11-22,19.82,19.91,19.67,19.719998999999998,19.719998999999998,87500
226,2016-11-23,19.67,19.719998999999998,19.48,19.690001000000002,19.690001000000002,82800
227,2016-11-25,19.65,19.959999,19.65,19.799999,19.799999,27300
228,2016-11-28,19.77,20.049999,19.77,19.92,19.92,45500
229,2016-11-29,19.93,20.07,19.879998999999998,19.98,19.98,136200
230,2016-11-30,19.76,19.879998999999998,19.530001000000002,19.549999,19.549999,220900
231,2016-12-01,19.43,19.469998999999998,19.25,19.4,19.4,58700
232,2016-12-02,18.870001000000002,18.9,18.82,18.860001,18.860001,45900
233,2016-12-05,18.85,18.950001,18.85,18.889999,18.889999,82300
234,2016-12-06,18.74,18.74,18.6,18.68,18.68,92200
235,2016-12-07,18.68,18.84,18.57,18.809998999999998,18.809998999999998,356700
236,2016-12-08,18.84,19.040001,18.84,18.99,18.99,420600
237,2016-12-09,18.99,19.120001000000002,18.969998999999998,19.01,19.01,331500
238,2016-12-12,19.34,19.4,19.110001,19.34,19.34,159300
239,2016-12-13,19.610001,19.870001000000002,19.370001000000002,19.549999,19.549999,215800
240,2016-12-14,19.639999,19.639999,19.049999,19.049999,19.049999,121300
241,2016-12-15,19.35,19.35,19.09,19.219998999999998,19.219998999999998,71300
242,2016-12-16,19.18,19.33,19.049999,19.120001000000002,19.120001000000002,48700
243,2016-12-19,19.4,19.629998999999998,19.4,19.48,19.48,85700
244,2016-12-20,19.540001,19.67,19.540001,19.6,19.6,66100
245,2016-12-21,19.51,19.639999,19.299999,19.450001,19.450001,69700
246,2016-12-22,19.17,19.450001,19.17,19.24,19.24,63800
247,2016-12-23,19.309998999999998,19.32,19.24,19.290001,19.290001,38000
248,2016-12-27,18.950001,19.24,18.950001,19.09,19.09,50000
249,2016-12-28,18.969998999999998,19.190001000000002,18.940001000000002,19.030001000000002,19.030001000000002,88800
250,2016-12-29,18.870001000000002,19.0,18.870001000000002,18.969998999999998,18.969998999999998,62200
251,2016-12-30,18.950001,19.25,18.92,18.959999,18.959999,36900
252,2017-01-03,18.92,19.200001,18.91,19.01,19.01,77500
253,2017-01-04,19.42,19.42,19.18,19.24,19.24,78500
254,2017-01-05,19.700001,19.700001,19.5,19.629998999999998,19.629998999999998,80000
255,2017-01-06,19.6,19.75,19.49,19.540001,19.540001,56700
256,2017-01-09,19.610001,19.690001000000002,19.530001000000002,19.620001000000002,19.620001000000002,98200
257,2017-01-10,19.51,19.799999,19.51,19.65,19.65,34100
258,2017-01-11,19.559998999999998,19.709999,19.459999,19.66,19.66,30600
259,2017-01-12,19.450001,20.49,19.450001,20.200001,20.200001,105700
260,2017-01-13,20.879998999999998,21.07,20.84,21.030001000000002,21.030001000000002,63200
261,2017-01-17,20.4,20.75,20.4,20.66,20.66,99500
262,2017-01-18,20.709999,20.85,20.59,20.719998999999998,20.719998999999998,49500
263,2017-01-19,20.17,20.17,19.940001000000002,20.07,20.07,70800
264,2017-01-20,20.27,20.299999,20.129998999999998,20.280001000000002,20.280001000000002,692700
265,2017-01-23,19.799999,19.92,19.65,19.889999,19.889999,444000
266,2017-01-24,19.809998999999998,20.02,19.809998999999998,20.0,20.0,50200
267,2017-01-25,20.02,20.299999,20.02,20.299999,20.299999,33400
268,2017-01-26,19.82,20.110001,19.82,19.92,19.92,53600
269,2017-01-27,19.83,19.98,19.83,19.9,19.9,39100
270,2017-01-30,20.07,20.07,19.75,19.82,19.82,172800
271,2017-01-31,19.83,19.959999,19.77,19.77,19.77,163500
272,2017-02-01,19.940001000000002,20.129998999999998,19.940001000000002,20.110001,20.110001,30800
273,2017-02-02,19.85,19.99,19.83,19.959999,19.959999,52200
274,2017-02-03,19.67,19.93,19.67,19.91,19.91,29600
275,2017-02-06,19.809998999999998,19.82,19.6,19.82,19.82,27100
276,2017-02-07,19.719998999999998,19.799999,19.620001000000002,19.709999,19.709999,40100
277,2017-02-08,19.83,19.85,19.639999,19.85,19.85,54300
278,2017-02-09,19.92,19.92,19.59,19.719998999999998,19.719998999999998,28500
279,2017-02-10,19.629998999999998,19.940001000000002,19.629998999999998,19.860001,19.860001,27700
280,2017-02-13,19.709999,19.950001,19.709999,19.889999,19.889999,54000
281,2017-02-14,19.459999,19.66,19.459999,19.6,19.6,33600
282,2017-02-15,19.42,19.610001,19.389999,19.48,19.48,17400
283,2017-02-16,19.299999,19.450001,19.299999,19.35,19.35,18100
284,2017-02-17,19.110001,19.450001,19.110001,19.35,19.35,32100
285,2017-02-21,19.450001,19.639999,19.43,19.57,19.57,57700
286,2017-02-22,19.4,19.65,19.4,19.5,19.5,41300
287,2017-02-23,19.67,19.84,19.450001,19.52,19.52,46500
288,2017-02-24,19.5,19.5,19.35,19.389999,19.389999,39500
289,2017-02-27,19.610001,19.700001,19.459999,19.549999,19.549999,52800
290,2017-02-28,19.5,19.700001,19.5,19.549999,19.549999,24700
291,2017-03-01,19.540001,19.77,19.540001,19.73,19.73,23800
292,2017-03-02,19.58,19.719998999999998,19.440001000000002,19.48,19.48,32200
293,2017-03-03,19.26,19.4,19.26,19.26,19.26,33300
294,2017-03-06,19.290001,19.360001,19.26,19.290001,19.290001,32900
295,2017-03-07,19.52,19.76,19.440001000000002,19.49,19.49,43200
296,2017-03-08,19.09,19.18,19.01,19.07,19.07,34300
297,2017-03-09,18.879998999999998,18.879998999999998,18.73,18.73,18.73,80800
298,2017-03-10,18.82,18.99,18.82,18.99,18.99,39600
299,2017-03-13,19.049999,19.1,19.02,19.1,19.1,75600
300,2017-03-14,18.889999,18.99,18.809998999999998,18.950001,18.950001,27000
301,2017-03-15,18.950001,19.389999,18.950001,19.389999,19.389999,140600
302,2017-03-16,19.440001000000002,19.549999,19.370001000000002,19.48,19.48,30300
303,2017-03-17,19.52,19.6,19.52,19.6,19.6,24500
304,2017-03-20,19.66,19.66,19.459999,19.48,19.48,15900
305,2017-03-21,19.59,19.59,19.459999,19.459999,19.459999,19000
306,2017-03-22,19.370001000000002,19.58,19.370001000000002,19.549999,19.549999,32800
307,2017-03-23,19.59,19.809998999999998,19.540001,19.799999,19.799999,58000
308,2017-03-24,19.91,19.91,19.76,19.889999,19.889999,21300
309,2017-03-27,19.84,19.84,19.540001,19.799999,19.799999,25100
310,2017-03-28,19.74,19.93,19.74,19.889999,19.889999,18000
311,2017-03-29,19.85,19.99,19.82,19.91,19.91,18700
312,2017-03-30,19.629998999999998,19.76,19.549999,19.639999,19.639999,23300
313,2017-03-31,19.5,19.690001000000002,19.5,19.68,19.68,28200
314,2017-04-03,19.85,20.450001,19.85,20.450001,20.450001,117100
315,2017-04-04,20.190001000000002,20.379998999999998,20.190001000000002,20.35,20.35,41800
316,2017-04-05,20.52,20.52,20.4,20.459999,20.459999,31000
317,2017-04-06,20.120001000000002,21.059998999999998,20.120001000000002,20.85,20.85,196600
318,2017-04-07,21.15,21.190001000000002,20.700001,20.969998999999998,20.969998999999998,46500
319,2017-04-10,20.74,20.790001,20.73,20.780001000000002,20.780001000000002,91400
320,2017-04-11,21.0,21.059998999999998,20.959999,21.040001,21.040001,107400
321,2017-04-12,21.18,21.280001000000002,21.16,21.219998999999998,21.219998999999998,26200
322,2017-04-13,21.120001000000002,21.120001000000002,21.030001000000002,21.07,21.07,41500
323,2017-04-17,21.33,21.389999,21.33,21.370001000000002,21.370001000000002,87100
324,2017-04-18,21.18,21.209999,21.15,21.18,21.18,53900
325,2017-04-19,21.07,21.07,20.969998999999998,21.02,21.02,29100
326,2017-04-20,20.9,20.98,20.879998999999998,20.950001,20.950001,50600
327,2017-04-21,20.780001000000002,20.809998999999998,20.77,20.780001000000002,20.780001000000002,27500
328,2017-04-24,20.799999,20.84,20.77,20.809998999999998,20.809998999999998,29500
329,2017-04-25,20.809998999999998,20.879998999999998,20.809998999999998,20.870001000000002,20.870001000000002,22300
330,2017-04-26,20.790001,20.860001,20.790001,20.82,20.82,75900
331,2017-04-27,21.030001000000002,21.09,21.030001000000002,21.049999,21.049999,55400
332,2017-04-28,21.120001000000002,21.16,21.059998999999998,21.16,21.16,21900
333,2017-05-01,20.91,21.030001000000002,20.879998999999998,20.91,20.91,56100
334,2017-05-02,21.190001000000002,21.190001000000002,21.129998999999998,21.190001000000002,21.190001000000002,20900
335,2017-05-03,21.110001,21.219998999999998,20.959999,21.219998999999998,21.219998999999998,24800
336,2017-05-04,21.18,21.24,21.16,21.24,21.24,23200
337,2017-05-05,21.209999,21.32,21.209999,21.32,21.32,22200
338,2017-05-08,21.5,21.549999,21.450001,21.52,21.52,16800
339,2017-05-09,21.450001,21.49,21.43,21.459999,21.459999,25200
340,2017-05-10,21.290001,21.290001,21.15,21.17,21.17,45900
341,2017-05-11,21.01,21.030001000000002,20.9,20.950001,20.950001,26000
342,2017-05-12,21.15,21.219998999999998,21.139999,21.17,21.17,13300
343,2017-05-15,21.34,21.34,21.280001000000002,21.280001000000002,21.280001000000002,73400
344,2017-05-16,21.129998999999998,21.17,21.07,21.129998999999998,21.129998999999998,20500
345,2017-05-17,21.26,21.309998999999998,21.209999,21.26,21.26,21000
346,2017-05-18,21.33,21.49,21.32,21.469998999999998,21.469998999999998,51500
347,2017-05-19,21.5,21.59,21.440001000000002,21.59,21.59,20600
348,2017-05-22,21.360001,21.59,21.360001,21.549999,21.549999,28900
349,2017-05-23,21.6,21.6,21.43,21.43,21.43,39100
350,2017-05-24,21.32,21.379998999999998,21.26,21.379998999999998,21.379998999999998,30200
351,2017-05-25,21.25,21.370001000000002,21.25,21.299999,21.299999,23100
352,2017-05-26,21.32,21.51,21.26,21.35,21.35,19600
353,2017-05-30,21.25,21.35,21.25,21.35,21.35,25000
354,2017-05-31,21.379998999999998,21.42,21.18,21.25,21.25,26500
355,2017-06-01,21.450001,21.450001,21.200001,21.32,21.32,19900
356,2017-06-02,21.450001,21.690001000000002,21.450001,21.690001000000002,21.690001000000002,29100
357,2017-06-05,21.77,21.77,21.709999,21.75,21.75,21400
358,2017-06-06,21.690001000000002,21.780001000000002,21.690001000000002,21.77,21.77,31600
359,2017-06-07,21.469998999999998,21.530001000000002,21.440001000000002,21.469998999999998,21.469998999999998,18200
360,2017-06-08,21.33,21.41,21.299999,21.41,21.41,35500
361,2017-06-09,20.889999,21.02,20.879998999999998,20.99,20.99,13300
362,2017-06-12,21.17,21.290001,21.17,21.27,21.27,52400
363,2017-06-13,21.26,21.42,21.26,21.389999,21.389999,358400
364,2017-06-14,21.65,21.65,21.530001000000002,21.59,21.59,20400
365,2017-06-15,21.540001,21.67,21.5,21.639999,21.639999,21000
366,2017-06-16,21.450001,21.57,21.440001000000002,21.57,21.57,33900
367,2017-06-19,21.33,21.4,21.290001,21.370001000000002,21.370001000000002,34900
368,2017-06-20,21.280001000000002,21.41,21.280001000000002,21.379998999999998,21.379998999999998,26300
369,2017-06-21,21.549999,21.549999,21.379998999999998,21.440001000000002,21.440001000000002,17200
370,2017-06-22,21.24,21.34,21.23,21.280001000000002,21.280001000000002,23800
371,2017-06-23,21.32,21.389999,21.309998999999998,21.309998999999998,21.309998999999998,17600
372,2017-06-26,21.209999,21.209999,21.040001,21.059998999999998,21.059998999999998,51200
373,2017-06-27,21.27,21.27,21.0,21.040001,21.040001,33400
374,2017-06-28,21.01,21.01,20.85,20.940001000000002,20.940001000000002,52500
375,2017-06-29,20.65,20.780001000000002,20.58,20.67,20.67,29100
376,2017-06-30,20.610001,20.68,20.52,20.57,20.57,22500
377,2017-07-03,20.43,20.52,20.389999,20.450001,20.450001,14200
378,2017-07-05,20.24,20.48,20.209999,20.389999,20.389999,20400
379,2017-07-06,20.25,20.25,19.809998999999998,19.889999,19.889999,24600
380,2017-07-07,19.83,20.219998999999998,19.83,20.049999,20.049999,18500
381,2017-07-10,19.709999,20.040001,19.709999,20.040001,20.040001,40500
382,2017-07-11,19.940001000000002,19.959999,19.719998999999998,19.85,19.85,23400
383,2017-07-12,19.98,20.139999,19.98,20.139999,20.139999,24800
384,2017-07-13,20.0,20.02,19.84,19.860001,19.860001,15900
385,2017-07-14,20.200001,20.24,19.879998999999998,20.0,20.0,39900
386,2017-07-17,20.1,20.1,19.860001,19.98,19.98,25900
387,2017-07-18,20.01,20.01,19.790001,19.83,19.83,1135300
388,2017-07-19,19.790001,19.84,19.709999,19.809998999999998,19.809998999999998,4629400
389,2017-07-20,19.799999,19.860001,19.75,19.799999,19.799999,280600
390,2017-07-21,19.85,19.85,19.77,19.82,19.82,626400
391,2017-07-24,19.99,20.0,19.85,19.940001000000002,19.940001000000002,755900
392,2017-07-25,19.879998999999998,19.940001000000002,19.77,19.77,19.77,922100
393,2017-07-26,19.73,19.959999,19.66,19.91,19.91,851800
394,2017-07-27,20.219998999999998,20.360001,20.190001000000002,20.309998999999998,20.309998999999998,2104900
395,2017-07-28,20.370001000000002,20.469998999999998,20.209999,20.450001,20.450001,593200
396,2017-07-31,20.209999,20.23,20.129998999999998,20.200001,20.200001,785900
397,2017-08-01,20.290001,20.370001000000002,20.18,20.33,20.33,1802200
398,2017-08-02,20.280001000000002,20.33,20.129998999999998,20.26,20.26,1729400
399,2017-08-03,20.33,20.440001000000002,20.18,20.299999,20.299999,231700
400,2017-08-04,20.4,20.42,20.27,20.42,20.42,1827900
401,2017-08-07,20.299999,20.5,20.26,20.48,20.48,358000
402,2017-08-08,20.49,20.49,20.35,20.459999,20.459999,269000
403,2017-08-09,20.370001000000002,20.4,20.129998999999998,20.34,20.34,125900
404,2017-08-10,20.200001,20.459999,20.200001,20.370001000000002,20.370001000000002,172900
405,2017-08-11,20.26,20.33,20.25,20.309998999999998,20.309998999999998,142200
406,2017-08-14,20.360001,20.51,20.35,20.5,20.5,149300
407,2017-08-15,20.200001,20.5,20.200001,20.35,20.35,45200
408,2017-08-16,20.059998999999998,20.299999,20.059998999999998,20.299999,20.299999,196600
409,2017-08-17,20.040001,20.190001000000002,20.0,20.0,20.0,89100
410,2017-08-18,19.9,20.110001,19.9,20.09,20.09,32100
411,2017-08-21,20.24,20.24,19.9,20.17,20.17,38600
412,2017-08-22,20.209999,20.24,19.98,20.16,20.16,47800
413,2017-08-23,20.02,20.25,20.02,20.209999,20.209999,38900
414,2017-08-24,19.75,20.09,19.75,19.860001,19.860001,44500
415,2017-08-25,19.85,20.139999,19.85,20.08,20.08,50700
416,2017-08-28,20.219998999999998,20.25,19.99,20.030001000000002,20.030001000000002,33500
417,2017-08-29,20.07,20.1,19.780001000000002,19.969998999999998,19.969998999999998,111600
418,2017-08-30,19.98,19.98,19.77,19.83,19.83,58400
419,2017-08-31,19.809998999999998,19.889999,19.709999,19.889999,19.889999,44400
420,2017-09-01,19.700001,19.799999,19.530001000000002,19.780001000000002,19.780001000000002,65000
421,2017-09-05,19.450001,19.719998999999998,19.450001,19.549999,19.549999,56100
422,2017-09-06,19.5,19.73,19.5,19.57,19.57,46400
423,2017-09-07,19.77,19.84,19.6,19.690001000000002,19.690001000000002,57400
424,2017-09-08,19.950001,19.98,19.68,19.82,19.82,66200
425,2017-09-11,19.83,19.860001,19.549999,19.66,19.66,47200
426,2017-09-12,19.709999,19.74,19.459999,19.59,19.59,78700
427,2017-09-13,19.709999,19.75,19.559998999999998,19.610001,19.610001,105200
428,2017-09-14,19.219998999999998,19.6,19.219998999999998,19.43,19.43,50000
429,2017-09-15,19.48,19.610001,19.450001,19.57,19.57,50500
430,2017-09-18,19.41,19.540001,19.370001000000002,19.52,19.52,53800
431,2017-09-19,19.969998999999998,19.969998999999998,19.59,19.74,19.74,37600
432,2017-09-20,19.65,19.68,19.450001,19.469998999999998,19.469998999999998,68700
433,2017-09-21,19.27,19.51,19.25,19.360001,19.360001,54700
434,2017-09-22,19.33,19.639999,19.290001,19.389999,19.389999,64900
435,2017-09-25,19.469998999999998,19.469998999999998,19.18,19.309998999999998,19.309998999999998,66000
436,2017-09-26,19.469998999999998,19.65,19.299999,19.440001000000002,19.440001000000002,71900
437,2017-09-27,19.540001,19.58,19.219998999999998,19.34,19.34,40600
438,2017-09-28,19.34,19.530001000000002,19.24,19.360001,19.360001,48700
439,2017-09-29,19.34,19.450001,19.290001,19.309998999999998,19.309998999999998,85000
440,2017-10-02,19.209999,19.34,19.200001,19.309998999999998,19.309998999999998,46000
441,2017-10-03,19.559998999999998,19.610001,19.32,19.52,19.52,48300
442,2017-10-04,19.32,19.620001000000002,19.32,19.58,19.58,56700
443,2017-10-05,19.209999,19.540001,19.209999,19.440001000000002,19.440001000000002,50900
444,2017-10-06,19.450001,19.450001,19.07,19.389999,19.389999,84600
445,2017-10-09,19.379998999999998,19.379998999999998,19.18,19.34,19.34,67900
446,2017-10-10,19.68,19.799999,19.559998999999998,19.719998999999998,19.719998999999998,49300
447,2017-10-11,19.809998999999998,19.92,19.809998999999998,19.889999,19.889999,31700
448,2017-10-12,19.889999,20.559998999999998,19.65,20.209999,20.209999,65800
449,2017-10-13,20.25,20.59,20.25,20.34,20.34,78200
450,2017-10-16,20.540001,20.709999,20.43,20.549999,20.549999,27500
451,2017-10-17,20.49,20.49,20.25,20.389999,20.389999,29300
452,2017-10-18,20.450001,20.860001,20.450001,20.65,20.65,28000
453,2017-10-19,20.809998999999998,20.809998999999998,20.629998999999998,20.719998999999998,20.719998999999998,29300
454,2017-10-20,20.68,20.77,20.68,20.77,20.77,41600
455,2017-10-23,20.51,20.67,20.43,20.459999,20.459999,81100
456,2017-10-24,20.370001000000002,20.540001,20.23,20.379998999999998,20.379998999999998,36700
457,2017-10-25,19.48,20.450001,19.48,20.190001000000002,20.190001000000002,58000
458,2017-10-26,20.200001,20.23,19.93,19.969998999999998,19.969998999999998,116000
459,2017-10-27,20.09,20.17,19.959999,20.110001,20.110001,42400
460,2017-10-30,19.9,20.09,19.83,20.0,20.0,38600
461,2017-10-31,20.33,20.33,19.99,20.129998999999998,20.129998999999998,61000
462,2017-11-01,20.27,20.27,20.1,20.139999,20.139999,37600
463,2017-11-02,19.91,20.209999,19.91,20.139999,20.139999,37000
464,2017-11-03,20.059998999999998,20.200001,20.059998999999998,20.15,20.15,72000
465,2017-11-06,19.940001000000002,20.17,19.92,20.15,20.15,35900
466,2017-11-07,20.17,20.35,20.17,20.35,20.35,47200
467,2017-11-08,20.34,20.530001000000002,20.34,20.52,20.52,39700
468,2017-11-09,20.4,20.51,20.4,20.51,20.51,92000
469,2017-11-10,20.360001,20.540001,20.360001,20.440001000000002,20.440001000000002,63600
470,2017-11-13,20.299999,20.35,20.200001,20.34,20.34,34500
471,2017-11-14,20.24,20.27,20.16,20.219998999999998,20.219998999999998,45600
472,2017-11-15,19.77,19.93,19.77,19.889999,19.889999,77100
473,2017-11-16,20.24,20.290001,20.190001000000002,20.25,20.25,43800
474,2017-11-17,20.1,20.280001000000002,20.1,20.15,20.15,171900
475,2017-11-20,20.0,20.35,20.0,20.200001,20.200001,70800
476,2017-11-21,20.299999,20.4,20.27,20.34,20.34,106900
477,2017-11-22,20.02,20.23,20.02,20.15,20.15,79200
478,2017-11-24,20.309998999999998,20.309998999999998,20.07,20.190001000000002,20.190001000000002,27400
479,2017-11-27,20.0,20.040001,19.93,19.93,19.93,34300
480,2017-11-28,20.26,20.26,20.139999,20.23,20.23,47500
481,2017-11-29,20.35,20.42,20.32,20.370001000000002,20.370001000000002,44900
482,2017-11-30,20.77,21.34,20.75,21.059998999999998,21.059998999999998,68500
483,2017-12-01,20.459999,20.52,20.379998999999998,20.469998999999998,20.469998999999998,64600
484,2017-12-04,20.190001000000002,20.23,20.15,20.190001000000002,20.190001000000002,43500
485,2017-12-05,20.4,20.49,20.4,20.450001,20.450001,70500
486,2017-12-06,20.35,20.57,20.35,20.549999,20.549999,43600
487,2017-12-07,20.530001000000002,20.700001,20.530001000000002,20.610001,20.610001,60000
488,2017-12-08,20.6,20.65,20.559998999999998,20.65,20.65,35800
489,2017-12-11,20.68,20.690001000000002,20.59,20.639999,20.639999,28600
490,2017-12-12,20.34,20.450001,20.34,20.4,20.4,111800
491,2017-12-13,20.610001,20.790001,20.610001,20.76,20.76,273800
492,2017-12-14,21.16,21.16,20.91,21.0,21.0,30900
493,2017-12-15,21.110001,21.129998999999998,21.02,21.1,21.1,52200
494,2017-12-18,20.889999,21.1,20.889999,21.08,21.08,64100
495,2017-12-19,20.889999,21.16,20.889999,20.99,20.99,47500
496,2017-12-20,20.82,20.83,20.74,20.790001,20.790001,89000
497,2017-12-21,20.93,20.93,20.84,20.879998999999998,20.879998999999998,205800
498,2017-12-22,20.620001000000002,20.73,20.620001000000002,20.68,20.68,100400
499,2017-12-26,20.75,20.83,20.74,20.799999,20.799999,37600
500,2017-12-27,20.68,20.77,20.65,20.700001,20.700001,77000
501,2017-12-28,20.790001,20.82,20.74,20.75,20.75,99200
502,2017-12-29,20.969998999999998,20.969998999999998,20.5,20.629998999999998,20.629998999999998,150100
503,2018-01-02,20.639999,20.870001000000002,20.639999,20.85,20.85,104400
504,2018-01-03,20.969998999999998,21.07,20.860001,21.059998999999998,21.059998999999998,62000
505,2018-01-04,21.110001,21.18,21.059998999999998,21.139999,21.139999,48500
506,2018-01-05,21.09,21.139999,21.01,21.139999,21.139999,53700
507,2018-01-08,20.99,21.23,20.959999,21.200001,21.200001,35000
508,2018-01-09,21.32,21.32,21.120001000000002,21.190001000000002,21.190001000000002,48000
509,2018-01-10,21.42,21.42,21.190001000000002,21.33,21.33,83900
510,2018-01-11,21.48,21.48,20.9,21.299999,21.299999,64200
511,2018-01-12,20.5,20.809998999999998,20.5,20.809998999999998,20.809998999999998,305800
512,2018-01-16,20.75,20.75,20.459999,20.459999,20.459999,443800
513,2018-01-17,20.450001,20.77,20.450001,20.719998999999998,20.719998999999998,92800
514,2018-01-18,20.49,20.559998999999998,20.450001,20.530001000000002,20.530001000000002,49300
515,2018-01-19,20.33,20.540001,20.33,20.540001,20.540001,59700
516,2018-01-22,20.5,20.690001000000002,20.5,20.68,20.68,64300
517,2018-01-23,20.639999,20.700001,20.540001,20.639999,20.639999,94700
518,2018-01-24,21.17,21.18,21.01,21.110001,21.110001,139000
519,2018-01-25,21.24,21.25,20.99,21.09,21.09,151700
520,2018-01-26,21.02,21.26,21.02,21.23,21.23,252200
521,2018-01-29,20.860001,21.200001,20.860001,21.02,21.02,260700
522,2018-01-30,20.799999,20.83,20.75,20.75,20.75,47600
523,2018-01-31,20.639999,20.639999,20.49,20.610001,20.610001,38000
524,2018-02-01,20.68,20.879998999999998,20.68,20.780001000000002,20.780001000000002,30000
525,2018-02-02,20.5,20.75,20.5,20.57,20.57,48900
526,2018-02-05,20.43,20.469998999999998,20.059998999999998,20.059998999999998,20.059998999999998,38600
527,2018-02-06,19.98,20.43,19.98,20.4,20.4,61200
528,2018-02-07,20.530001000000002,20.65,20.51,20.59,20.59,62600
529,2018-02-08,20.530001000000002,20.530001000000002,20.16,20.190001000000002,20.190001000000002,60100
530,2018-02-09,20.25,20.27,19.889999,20.18,20.18,58500
531,2018-02-12,20.780001000000002,20.780001000000002,20.049999,20.42,20.42,35000
532,2018-02-13,20.280001000000002,20.639999,20.280001000000002,20.629998999999998,20.629998999999998,87200
533,2018-02-14,20.610001,21.0,20.52,20.940001000000002,20.940001000000002,63000
534,2018-02-15,20.82,20.98,20.75,20.92,20.92,56200
535,2018-02-16,20.860001,20.940001000000002,20.77,20.940001000000002,20.940001000000002,33400
536,2018-02-20,20.9,21.09,20.879998999999998,20.959999,20.959999,50700
537,2018-02-21,20.940001000000002,20.98,20.719998999999998,20.780001000000002,20.780001000000002,63900
538,2018-02-22,20.76,21.16,20.76,21.07,21.07,25800
539,2018-02-23,20.74,20.84,20.629998999999998,20.82,20.82,74700
540,2018-02-26,21.040001,21.040001,20.780001000000002,20.969998999999998,20.969998999999998,79700
541,2018-02-27,20.629998999999998,20.74,20.559998999999998,20.59,20.59,57000
542,2018-02-28,20.799999,20.940001000000002,20.77,20.83,20.83,82300
543,2018-03-01,20.41,20.440001000000002,20.18,20.25,20.25,47900
544,2018-03-02,20.219998999999998,20.370001000000002,20.17,20.360001,20.360001,49100
545,2018-03-05,20.440001000000002,20.77,20.440001000000002,20.74,20.74,54400
546,2018-03-06,20.620001000000002,20.620001000000002,20.450001,20.559998999999998,20.559998999999998,33400
547,2018-03-07,20.370001000000002,20.59,20.370001000000002,20.530001000000002,20.530001000000002,53100
548,2018-03-08,20.700001,20.700001,20.559998999999998,20.620001000000002,20.620001000000002,30200
549,2018-03-09,20.530001000000002,20.66,20.49,20.65,20.65,36600
550,2018-03-12,20.860001,20.98,20.84,20.940001000000002,20.940001000000002,39400
551,2018-03-13,20.74,21.02,20.74,20.82,20.82,71200
552,2018-03-14,20.85,20.959999,20.83,20.93,20.93,32200
553,2018-03-15,20.870001000000002,20.959999,20.84,20.93,20.93,49600
554,2018-03-16,20.92,21.030001000000002,20.92,21.0,21.0,45100
555,2018-03-19,21.030001000000002,21.209999,20.950001,21.01,21.01,38800
556,2018-03-20,20.85,21.08,20.85,20.98,20.98,54200
557,2018-03-21,21.0,21.110001,20.940001000000002,21.08,21.08,28800
558,2018-03-22,20.82,21.17,20.82,20.940001000000002,20.940001000000002,71300
559,2018-03-23,20.969998999999998,20.969998999999998,20.709999,20.719998999999998,20.719998999999998,29400
560,2018-03-26,20.68,20.809998999999998,20.639999,20.809998999999998,20.809998999999998,59000
561,2018-03-27,21.15,21.27,21.030001000000002,21.09,21.09,45500
562,2018-03-28,21.01,21.059998999999998,20.950001,21.01,21.01,31600
563,2018-03-29,21.48,21.549999,21.280001000000002,21.299999,21.299999,47500
564,2018-04-02,21.200001,21.34,21.17,21.280001000000002,21.280001000000002,50000
565,2018-04-03,21.370001000000002,21.43,21.299999,21.42,21.42,46500
566,2018-04-04,21.309998999999998,21.549999,21.309998999999998,21.549999,21.549999,30500
567,2018-04-05,21.719998999999998,21.860001,21.59,21.67,21.67,47400
568,2018-04-06,22.23,22.5,22.17,22.25,22.25,58000
569,2018-04-09,22.43,22.549999,22.27,22.459999,22.459999,36000
570,2018-04-10,22.459999,22.459999,22.190001000000002,22.25,22.25,33900
571,2018-04-11,22.09,22.09,21.879998999999998,21.98,21.98,23600
572,2018-04-12,21.969998999999998,21.969998999999998,21.860001,21.959999,21.959999,21600
573,2018-04-13,21.809998999999998,21.809998999999998,21.68,21.73,21.73,70200
574,2018-04-16,22.0,22.16,22.0,22.08,22.08,27600
575,2018-04-17,22.07,22.24,22.030001000000002,22.24,22.24,86000
576,2018-04-18,22.200001,22.57,22.200001,22.32,22.32,37900
577,2018-04-19,22.15,22.200001,22.09,22.129998999999998,22.129998999999998,40100
578,2018-04-20,22.040001,22.139999,21.969998999999998,22.07,22.07,70900
579,2018-04-23,21.940001000000002,21.940001000000002,21.83,21.879998999999998,21.879998999999998,26600
580,2018-04-24,22.15,22.190001000000002,21.870001000000002,21.93,21.93,90100
581,2018-04-25,21.73,21.940001000000002,21.73,21.93,21.93,286800
582,2018-04-26,21.67,22.02,21.67,21.809998999999998,21.809998999999998,316500
583,2018-04-27,21.860001,22.1,21.860001,22.08,22.08,651900
584,2018-04-30,22.1,22.139999,22.09,22.09,22.09,256800
585,2018-05-01,21.950001,21.959999,21.85,21.940001000000002,21.940001000000002,334700
586,2018-05-02,21.58,21.76,21.58,21.67,21.67,70600
587,2018-05-03,21.620001000000002,21.790001,21.6,21.73,21.73,59700
588,2018-05-04,21.75,21.9,21.67,21.870001000000002,21.870001000000002,38400
589,2018-05-07,21.969998999999998,22.0,21.92,22.0,22.0,37700
590,2018-05-08,21.74,22.01,21.74,22.01,22.01,40600
591,2018-05-09,21.74,21.83,21.68,21.83,21.83,23000
592,2018-05-10,21.74,21.77,21.610001,21.77,21.77,34500
593,2018-05-11,21.82,21.98,21.82,21.950001,21.950001,25300
594,2018-05-14,22.110001,22.120001000000002,22.030001000000002,22.059998999999998,22.059998999999998,27000
595,2018-05-15,21.9,21.99,21.860001,21.950001,21.950001,27300
596,2018-05-16,22.030001000000002,22.07,21.959999,22.02,22.02,30000
597,2018-05-17,21.940001000000002,21.940001000000002,21.629998999999998,21.76,21.76,40400
598,2018-05-18,21.620001000000002,21.74,21.6,21.629998999999998,21.629998999999998,87500
599,2018-05-21,21.559998999999998,21.77,21.559998999999998,21.75,21.75,28300
600,2018-05-22,21.59,21.969998999999998,21.59,21.709999,21.709999,64900
601,2018-05-23,21.91,22.049999,21.9,22.02,22.02,54500
602,2018-05-24,22.040001,22.219998999999998,22.0,22.129998999999998,22.129998999999998,28500
603,2018-05-25,22.27,22.42,22.209999,22.27,22.27,33900
604,2018-05-29,22.290001,22.34,22.209999,22.26,22.26,46600
605,2018-05-30,22.1,22.219998999999998,22.08,22.219998999999998,22.219998999999998,52400
606,2018-05-31,22.08,22.18,22.02,22.07,22.07,49400
607,2018-06-01,21.85,21.99,21.85,21.950001,21.950001,29300
608,2018-06-04,22.35,22.389999,22.08,22.110001,22.110001,42400
609,2018-06-05,22.41,22.41,22.08,22.139999,22.139999,37100
610,2018-06-06,22.280001000000002,22.290001,22.17,22.25,22.25,46800
611,2018-06-07,22.15,22.17,22.08,22.16,22.16,92000
612,2018-06-08,22.379998999999998,22.389999,22.280001000000002,22.360001,22.360001,49700
613,2018-06-11,22.67,23.1,22.67,23.059998999999998,23.059998999999998,144000
614,2018-06-12,22.75,22.860001,22.75,22.809998999999998,22.809998999999998,81200
615,2018-06-13,22.74,22.74,22.42,22.52,22.52,70500
616,2018-06-14,22.5,22.530001000000002,22.34,22.35,22.35,65200
617,2018-06-15,22.52,22.52,22.18,22.27,22.27,23600
618,2018-06-18,22.0,22.110001,22.0,22.059998999999998,22.059998999999998,37200
619,2018-06-19,21.84,21.889999,21.77,21.860001,21.860001,71400
620,2018-06-20,21.940001000000002,22.030001000000002,21.940001000000002,22.030001000000002,22.030001000000002,89000
621,2018-06-21,21.77,21.959999,21.74,21.83,21.83,48400
622,2018-06-22,21.969998999999998,21.969998999999998,21.82,21.91,21.91,77700
623,2018-06-25,21.52,21.780001000000002,21.52,21.65,21.65,41600
624,2018-06-26,22.0,22.049999,21.91,21.969998999999998,21.969998999999998,28300
625,2018-06-27,21.969998999999998,22.139999,21.91,21.92,21.92,40200
626,2018-06-28,21.629998999999998,21.860001,21.629998999999998,21.799999,21.799999,46900
627,2018-06-29,21.83,21.83,21.690001000000002,21.75,21.75,44700
628,2018-07-02,21.1,21.16,21.02,21.129998999999998,21.129998999999998,40700
629,2018-07-03,20.77,21.07,20.77,20.879998999999998,20.879998999999998,37000
630,2018-07-05,20.860001,21.32,20.860001,21.1,21.1,38500
631,2018-07-06,20.610001,20.75,20.559998999999998,20.65,20.65,54300
632,2018-07-09,20.18,20.57,20.18,20.35,20.35,43100
633,2018-07-10,20.33,20.33,20.16,20.219998999999998,20.219998999999998,53000
634,2018-07-11,20.1,20.25,20.030001000000002,20.07,20.07,59200
635,2018-07-12,20.049999,20.07,19.950001,20.02,20.02,56600
636,2018-07-13,19.959999,20.059998999999998,19.940001000000002,19.98,19.98,50400
637,2018-07-16,20.0,20.1,20.0,20.049999,20.049999,55600
638,2018-07-17,20.52,20.559998999999998,20.41,20.530001000000002,20.530001000000002,104400
639,2018-07-18,20.5,20.610001,20.5,20.6,20.6,77200
640,2018-07-19,20.33,20.43,20.23,20.379998999999998,20.379998999999998,52300
641,2018-07-20,20.43,20.65,20.43,20.65,20.65,59800
642,2018-07-23,20.450001,20.67,20.450001,20.6,20.6,35600
643,2018-07-24,20.66,20.67,20.52,20.57,20.57,45300
644,2018-07-25,20.360001,20.6,20.360001,20.58,20.58,55300
645,2018-07-26,20.65,20.77,20.65,20.709999,20.709999,42600
646,2018-07-27,20.809998999999998,20.870001000000002,20.75,20.77,20.77,53500
647,2018-07-30,20.6,20.709999,20.559998999999998,20.559998999999998,20.559998999999998,39400
648,2018-07-31,20.43,20.43,20.299999,20.370001000000002,20.370001000000002,48200
649,2018-08-01,20.200001,20.27,20.129998999999998,20.26,20.26,48800
650,2018-08-02,20.190001000000002,20.209999,20.08,20.17,20.17,31900
651,2018-08-03,20.09,20.24,20.09,20.24,20.24,48200
652,2018-08-06,20.17,20.190001000000002,20.120001000000002,20.17,20.17,26800
653,2018-08-07,20.34,20.440001000000002,20.34,20.34,20.34,57700
654,2018-08-08,20.370001000000002,20.4,20.34,20.360001,20.360001,36000
655,2018-08-09,20.299999,20.610001,20.299999,20.450001,20.450001,51100
656,2018-08-10,20.27,20.4,20.27,20.35,20.35,36400
657,2018-08-13,20.440001000000002,20.459999,20.32,20.379998999999998,20.379998999999998,71700
658,2018-08-14,20.370001000000002,20.5,20.370001000000002,20.48,20.48,92400
659,2018-08-15,20.32,20.49,20.32,20.459999,20.459999,63900
660,2018-08-16,20.34,20.559998999999998,20.34,20.5,20.5,37000
661,2018-08-17,20.879998999999998,20.879998999999998,20.690001000000002,20.799999,20.799999,63000
662,2018-08-20,20.85,20.940001000000002,20.780001000000002,20.940001000000002,20.940001000000002,42100
663,2018-08-21,20.629998999999998,20.74,20.629998999999998,20.68,20.68,39500
664,2018-08-22,20.43,20.5,20.4,20.450001,20.450001,54100
665,2018-08-23,20.299999,20.43,20.299999,20.379998999999998,20.379998999999998,77600
666,2018-08-24,20.66,20.66,20.25,20.5,20.5,115600
667,2018-08-27,20.6,20.73,20.59,20.690001000000002,20.690001000000002,35300
668,2018-08-28,20.58,20.639999,20.52,20.559998999999998,20.559998999999998,38600
669,2018-08-29,20.42,20.48,20.370001000000002,20.440001000000002,20.440001000000002,32500
670,2018-08-30,20.34,20.379998999999998,20.23,20.290001,20.290001,65700
671,2018-08-31,20.4,20.4,20.219998999999998,20.27,20.27,50000
672,2018-09-04,20.360001,20.370001000000002,20.24,20.290001,20.290001,32900
673,2018-09-05,20.09,20.139999,20.030001000000002,20.049999,20.049999,75600
674,2018-09-06,20.299999,20.299999,20.15,20.18,20.18,61500
675,2018-09-07,20.309998999999998,20.49,20.309998999999998,20.35,20.35,57100
676,2018-09-10,20.57,20.6,20.450001,20.48,20.48,81000
677,2018-09-11,20.610001,20.77,20.610001,20.709999,20.709999,66600
678,2018-09-12,21.360001,21.370001000000002,21.23,21.299999,21.299999,36800
679,2018-09-13,22.16,22.16,21.93,21.959999,21.959999,36600
680,2018-09-14,22.200001,22.35,22.18,22.290001,22.290001,43700
681,2018-09-17,22.35,22.48,22.25,22.32,22.32,64200
682,2018-09-18,22.24,22.540001,22.23,22.450001,22.450001,45900
683,2018-09-19,22.549999,22.76,22.549999,22.639999,22.639999,237800
684,2018-09-20,22.309998999999998,22.450001,22.309998999999998,22.379998999999998,22.379998999999998,71600
685,2018-09-21,22.52,22.540001,22.42,22.530001000000002,22.530001000000002,55000
686,2018-09-24,22.52,22.540001,22.379998999999998,22.389999,22.389999,72600
687,2018-09-25,22.200001,22.35,22.200001,22.290001,22.290001,42200
688,2018-09-26,22.33,22.559998999999998,22.33,22.52,22.52,44800
689,2018-09-27,22.389999,22.67,22.389999,22.559998999999998,22.559998999999998,60900
690,2018-09-28,22.18,22.309998999999998,22.17,22.25,22.25,39800
691,2018-10-01,22.25,22.43,22.23,22.370001000000002,22.370001000000002,75900
692,2018-10-02,22.33,22.51,22.33,22.48,22.48,38600
693,2018-10-03,22.280001000000002,22.43,22.280001000000002,22.35,22.35,51500
694,2018-10-04,22.450001,22.450001,22.309998999999998,22.370001000000002,22.370001000000002,36700
695,2018-10-05,22.41,22.469998999999998,22.290001,22.42,22.42,39700
696,2018-10-08,22.48,22.549999,22.370001000000002,22.459999,22.459999,46800
697,2018-10-09,22.25,22.540001,22.25,22.440001000000002,22.440001000000002,42100
698,2018-10-10,22.33,22.51,22.190001000000002,22.280001000000002,22.280001000000002,51900
699,2018-10-11,21.98,22.5,21.65,22.059998999999998,22.059998999999998,50900
700,2018-10-12,21.17,21.85,21.16,21.49,21.49,86800
701,2018-10-15,21.26,21.440001000000002,21.26,21.4,21.4,57200
702,2018-10-16,21.26,21.52,21.25,21.450001,21.450001,60900
703,2018-10-17,21.15,21.290001,21.129998999999998,21.219998999999998,21.219998999999998,91500
704,2018-10-18,21.370001000000002,21.379998999999998,21.16,21.200001,21.200001,159300
705,2018-10-19,21.440001000000002,21.59,21.440001000000002,21.48,21.48,40500
706,2018-10-22,21.35,21.440001000000002,21.25,21.299999,21.299999,27400
707,2018-10-23,21.049999,21.219998999999998,20.879998999999998,21.129998999999998,21.129998999999998,61600
708,2018-10-24,21.34,21.34,20.91,20.99,20.99,62300
709,2018-10-25,21.41,21.639999,21.41,21.57,21.57,115300
710,2018-10-26,21.309998999999998,21.34,21.120001000000002,21.280001000000002,21.280001000000002,52300
711,2018-10-29,21.639999,21.639999,21.209999,21.32,21.32,69400
712,2018-10-30,21.440001000000002,21.620001000000002,21.4,21.58,21.58,150000
713,2018-10-31,21.6,21.629998999999998,21.440001000000002,21.530001000000002,21.530001000000002,84200
714,2018-11-01,21.75,21.9,21.74,21.860001,21.860001,34700
715,2018-11-02,21.76,21.870001000000002,21.540001,21.639999,21.639999,255300
716,2018-11-05,21.280001000000002,21.459999,21.280001000000002,21.43,21.43,163500
717,2018-11-06,21.860001,22.049999,21.860001,22.0,22.0,82100
718,2018-11-07,21.719998999999998,22.01,21.719998999999998,21.99,21.99,37700
719,2018-11-08,22.25,22.4,22.02,22.17,22.17,122900
720,2018-11-09,21.76,21.969998999999998,21.690001000000002,21.83,21.83,43400
721,2018-11-12,21.99,21.99,21.690001000000002,21.780001000000002,21.780001000000002,52600
722,2018-11-13,21.629998999999998,21.74,21.52,21.6,21.6,35900
723,2018-11-14,21.85,21.91,21.709999,21.85,21.85,78700
724,2018-11-15,21.969998999999998,22.0,21.82,21.98,21.98,98900
725,2018-11-16,22.1,22.17,22.040001,22.110001,22.110001,45900
726,2018-11-19,22.129998999999998,22.129998999999998,21.9,21.950001,21.950001,41400
727,2018-11-20,21.93,21.93,21.690001000000002,21.74,21.74,78600
728,2018-11-21,21.950001,21.950001,21.809998999999998,21.9,21.9,66800
729,2018-11-23,21.92,22.09,21.85,22.049999,22.049999,23800
730,2018-11-26,22.15,22.25,22.1,22.17,22.17,63200
731,2018-11-27,21.709999,21.780001000000002,21.67,21.75,21.75,115000
732,2018-11-28,21.540001,21.83,21.51,21.790001,21.790001,103400
733,2018-11-29,21.23,21.34,21.209999,21.280001000000002,21.280001000000002,60800
734,2018-11-30,21.620001000000002,21.799999,21.620001000000002,21.799999,21.799999,46300
735,2018-12-03,21.42,21.549999,21.389999,21.549999,21.549999,83600
736,2018-12-04,21.200001,21.26,20.85,20.9,20.9,62600
737,2018-12-06,21.030001000000002,21.450001,21.030001000000002,21.33,21.33,100200
738,2018-12-07,21.6,21.77,21.41,21.540001,21.540001,86600
739,2018-12-10,21.51,21.549999,21.110001,21.459999,21.459999,120300
740,2018-12-11,21.9,21.98,21.76,21.84,21.84,96200
741,2018-12-12,21.780001000000002,21.84,21.629998999999998,21.73,21.73,186300
742,2018-12-13,21.469998999999998,21.610001,21.450001,21.540001,21.540001,190800
743,2018-12-14,21.41,21.52,21.35,21.389999,21.389999,78500
744,2018-12-17,21.57,21.67,21.450001,21.549999,21.549999,67600
745,2018-12-18,21.700001,21.790001,21.620001000000002,21.709999,21.709999,270300
746,2018-12-19,21.51,21.67,21.32,21.379998999999998,21.379998999999998,128500
747,2018-12-20,21.639999,21.700001,21.559998999999998,21.700001,21.700001,109700
748,2018-12-21,21.27,21.4,21.120001000000002,21.129998999999998,21.129998999999998,111600
749,2018-12-24,21.27,21.280001000000002,20.940001000000002,20.98,20.98,80100
750,2018-12-26,20.799999,21.57,20.799999,21.360001,21.360001,197200
751,2018-12-27,21.639999,21.780001000000002,21.450001,21.700001,21.700001,115700
752,2018-12-28,21.620001000000002,21.620001000000002,21.4,21.549999,21.549999,96300
753,2018-12-31,21.93,21.93,21.5,21.68,21.68,132300
754,2019-01-02,21.57,21.809998999999998,21.540001,21.790001,21.790001,63600
755,2019-01-03,21.92,21.92,21.74,21.82,21.82,54700
756,2019-01-04,22.6,23.24,22.6,23.09,23.09,68400
757,2019-01-07,23.200001,23.389999,23.200001,23.290001,23.290001,66200
758,2019-01-08,22.629998999999998,22.690001000000002,22.530001000000002,22.610001,22.610001,42700
759,2019-01-09,23.059998999999998,23.1,22.940001000000002,23.040001,23.040001,45900
760,2019-01-10,22.799999,22.950001,21.620001000000002,22.23,22.23,87100
761,2019-01-11,22.26,22.27,22.1,22.219998999999998,22.219998999999998,38700
762,2019-01-14,22.030001000000002,22.26,22.030001000000002,22.190001000000002,22.190001000000002,64500
763,2019-01-15,21.389999,21.74,21.389999,21.67,21.67,35700
764,2019-01-16,21.700001,21.780001000000002,21.610001,21.719998999999998,21.719998999999998,59900
765,2019-01-17,21.549999,21.74,21.549999,21.639999,21.639999,65100
766,2019-01-18,21.459999,21.65,21.459999,21.610001,21.610001,75600
767,2019-01-22,21.83,21.950001,21.75,21.790001,21.790001,76300
768,2019-01-23,21.639999,21.790001,21.6,21.6,21.6,164600
769,2019-01-24,21.67,21.67,21.540001,21.58,21.58,37800
770,2019-01-25,21.6,21.66,21.549999,21.610001,21.610001,57000
771,2019-01-28,21.27,21.370001000000002,21.25,21.33,21.33,71500
772,2019-01-29,21.549999,21.68,21.549999,21.6,21.6,108400
773,2019-01-30,21.57,21.719998999999998,21.43,21.65,21.65,70200
774,2019-01-31,21.629998999999998,21.790001,21.610001,21.75,21.75,64500
775,2019-02-01,21.790001,21.799999,21.639999,21.690001000000002,21.690001000000002,70500
776,2019-02-04,21.6,21.709999,21.6,21.67,21.67,56400
777,2019-02-05,21.98,22.049999,21.98,22.040001,22.040001,59500
778,2019-02-06,22.219998999999998,22.32,22.129998999999998,22.200001,22.200001,77700
779,2019-02-07,21.76,21.76,21.530001000000002,21.559998999999998,21.559998999999998,40600
780,2019-02-08,21.440001000000002,21.620001000000002,21.440001000000002,21.6,21.6,41700
781,2019-02-11,21.48,21.59,21.48,21.540001,21.540001,78400
782,2019-02-12,21.860001,21.940001000000002,21.860001,21.91,21.91,58000
783,2019-02-13,21.959999,22.01,21.66,21.709999,21.709999,46600
784,2019-02-14,21.709999,21.84,21.67,21.82,21.82,43200
785,2019-02-15,22.17,22.280001000000002,22.059998999999998,22.23,22.23,83400
786,2019-02-19,22.549999,22.68,22.540001,22.67,22.67,80900
787,2019-02-20,22.370001000000002,22.440001000000002,22.33,22.35,22.35,55800
788,2019-02-21,22.459999,22.51,22.379998999999998,22.41,22.41,51600
789,2019-02-22,22.280001000000002,22.41,22.280001000000002,22.389999,22.389999,40400
790,2019-02-25,22.32,22.42,22.24,22.290001,22.290001,62500
791,2019-02-26,22.139999,22.219998999999998,22.049999,22.15,22.15,46100
792,2019-02-27,22.200001,22.27,22.17,22.209999,22.209999,83300
793,2019-02-28,21.950001,22.110001,21.940001000000002,21.98,21.98,43800
794,2019-03-01,22.18,22.18,21.77,21.84,21.84,32800
795,2019-03-04,21.34,21.389999,21.27,21.309998999999998,21.309998999999998,44000
796,2019-03-05,21.040001,21.09,20.99,21.030001000000002,21.030001000000002,48800
797,2019-03-06,20.379998999999998,20.450001,20.35,20.360001,20.360001,52400
798,2019-03-07,20.27,20.379998999999998,20.219998999999998,20.290001,20.290001,73500
799,2019-03-08,19.9,20.440001000000002,19.9,20.389999,20.389999,108800
800,2019-03-11,20.690001000000002,20.75,20.6,20.73,20.73,70300
801,2019-03-12,20.389999,21.24,20.389999,20.809998999999998,20.809998999999998,89600
802,2019-03-13,20.719998999999998,20.85,20.719998999999998,20.84,20.84,47000
803,2019-03-14,20.309998999999998,20.309998999999998,20.02,20.08,20.08,66900
804,2019-03-15,20.83,20.84,20.719998999999998,20.799999,20.799999,183900
805,2019-03-18,20.0,20.440001000000002,20.0,20.4,20.4,58400
806,2019-03-19,20.15,20.15,20.01,20.08,20.08,74500
807,2019-03-20,19.639999,19.98,19.639999,19.889999,19.889999,85800
808,2019-03-21,19.9,19.98,19.870001000000002,19.950001,19.950001,87400
809,2019-03-22,19.610001,19.610001,19.379998999999998,19.379998999999998,19.379998999999998,43600
810,2019-03-25,19.209999,19.309998999999998,19.209999,19.27,19.27,172000
811,2019-03-26,19.68,19.73,19.6,19.620001000000002,19.620001000000002,268500
812,2019-03-27,19.25,19.290001,19.129998999999998,19.18,19.18,113300
813,2019-03-28,18.709999,18.93,18.51,18.9,18.9,90200
814,2019-03-29,18.76,18.879998999999998,18.76,18.82,18.82,68500
815,2019-04-01,19.08,19.15,19.07,19.110001,19.110001,129100
816,2019-04-02,18.76,18.799999,18.620001000000002,18.719998999999998,18.719998999999998,213200
817,2019-04-03,18.940001000000002,19.049999,18.91,18.93,18.93,77200
818,2019-04-04,18.780001000000002,18.780001000000002,18.299999,18.33,18.33,139000
819,2019-04-05,18.290001,18.309998999999998,18.18,18.26,18.26,768700
820,2019-04-08,18.0,18.26,18.0,18.219998999999998,18.219998999999998,107800
821,2019-04-09,17.719998999999998,17.780001000000002,17.700001,17.700001,17.700001,218300
822,2019-04-10,17.549999,17.549999,17.43,17.469998999999998,17.469998999999998,646000
823,2019-04-11,17.719998999999998,17.719998999999998,17.57,17.59,17.59,722200
824,2019-04-12,17.209999,17.209999,17.110001,17.16,17.16,603500
825,2019-04-15,17.299999,17.299999,17.200001,17.200001,17.200001,620000
826,2019-04-16,17.02,17.110001,17.0,17.0,17.0,769400
827,2019-04-17,16.950001,16.950001,16.85,16.860001,16.860001,1566000
828,2019-04-18,16.870001000000002,17.190001000000002,16.870001000000002,17.129998999999998,17.129998999999998,1861600
829,2019-04-22,16.719998999999998,16.85,16.719998999999998,16.77,16.77,2067100
830,2019-04-23,16.809998999999998,17.0,16.809998999999998,16.969998999999998,16.969998999999998,1110400
831,2019-04-24,16.66,16.790001,16.35,16.48,16.48,533700
832,2019-04-25,16.99,17.030001000000002,16.84,16.870001000000002,16.870001000000002,988400
833,2019-04-26,17.040001,17.23,16.860001,17.23,17.23,283300
834,2019-04-29,17.09,17.26,17.059998999999998,17.200001,17.200001,119100
835,2019-04-30,17.209999,17.25,17.200001,17.209999,17.209999,149900
836,2019-05-01,17.200001,17.27,17.190001000000002,17.200001,17.200001,110200
837,2019-05-02,17.16,17.24,17.129998999999998,17.209999,17.209999,69800
838,2019-05-03,17.200001,17.379998999999998,17.200001,17.35,17.35,78300
839,2019-05-06,17.24,17.34,17.15,17.290001,17.290001,130000
840,2019-05-07,17.07,17.15,16.959999,17.0,17.0,100700
841,2019-05-08,16.67,16.950001,16.67,16.91,16.91,276800
842,2019-05-09,16.74,16.74,16.389999,16.709999,16.709999,138500
843,2019-05-10,16.780001000000002,16.91,16.66,16.85,16.85,89000
844,2019-05-13,16.73,16.870001000000002,16.709999,16.74,16.74,220600
845,2019-05-14,16.68,16.940001000000002,16.68,16.9,16.9,341000
846,2019-05-15,16.83,16.950001,16.58,16.93,16.93,242600
847,2019-05-16,16.709999,16.93,16.709999,16.879998999999998,16.879998999999998,93300
848,2019-05-17,17.059998999999998,17.059998999999998,16.950001,16.969998999999998,16.969998999999998,79000
849,2019-05-20,16.950001,17.02,16.879998999999998,16.91,16.91,134900
850,2019-05-21,17.24,17.24,17.139999,17.24,17.24,137400
851,2019-05-22,16.950001,16.950001,16.76,16.809998999999998,16.809998999999998,57200
852,2019-05-23,17.02,17.09,16.959999,17.040001,17.040001,88600
853,2019-05-24,17.27,17.360001,17.24,17.34,17.34,33400
854,2019-05-28,17.360001,17.360001,17.299999,17.32,17.32,81800
855,2019-05-29,17.040001,17.15,17.02,17.07,17.07,219800
856,2019-05-30,16.879998999999998,17.0,16.77,16.780001000000002,16.780001000000002,183300
857,2019-05-31,16.49,16.799999,16.49,16.77,16.77,198500
858,2019-06-03,16.700001,16.76,16.620001000000002,16.719998999999998,16.719998999999998,119900
859,2019-06-04,16.379998999999998,16.780001000000002,16.379998999999998,16.74,16.74,113900
860,2019-06-05,16.82,17.18,16.82,17.01,17.01,87700
861,2019-06-06,17.02,17.049999,16.879998999999998,17.030001000000002,17.030001000000002,87700
862,2019-06-07,17.129998999999998,17.16,17.08,17.16,17.16,49500
863,2019-06-10,16.809998999999998,17.030001000000002,16.809998999999998,16.98,16.98,87900
864,2019-06-11,16.969998999999998,16.98,16.9,16.940001000000002,16.940001000000002,262900
865,2019-06-12,17.120001000000002,17.209999,17.120001000000002,17.139999,17.139999,44300
866,2019-06-13,17.15,17.18,17.08,17.17,17.17,96800
867,2019-06-14,17.139999,17.139999,16.98,17.02,17.02,130200
868,2019-06-17,17.01,17.049999,16.969998999999998,17.0,17.0,66900
869,2019-06-18,17.059998999999998,17.18,17.059998999999998,17.17,17.17,114900
870,2019-06-19,17.08,17.200001,17.049999,17.139999,17.139999,39100
871,2019-06-20,17.41,17.41,17.16,17.24,17.24,68800
872,2019-06-21,16.84,17.07,16.84,17.040001,17.040001,30700
873,2019-06-24,16.790001,16.950001,16.790001,16.889999,16.889999,71800
874,2019-06-25,16.9,16.959999,16.84,16.860001,16.860001,73300
875,2019-06-26,17.110001,17.110001,16.9,16.9,16.9,41000
876,2019-06-27,16.91,16.950001,16.879998999999998,16.92,16.92,29600
877,2019-06-28,16.83,16.92,16.83,16.870001000000002,16.870001000000002,45200
878,2019-07-01,17.08,17.120001000000002,16.99,17.040001,17.040001,55900
879,2019-07-02,16.719998999999998,17.059998999999998,16.719998999999998,17.0,17.0,117600
880,2019-07-03,17.389999,17.389999,16.860001,17.07,17.07,14600
881,2019-07-05,17.559998999999998,17.77,17.559998999999998,17.629998999999998,17.629998999999998,42900
882,2019-07-08,17.73,17.73,17.65,17.700001,17.700001,29300
883,2019-07-09,17.459999,17.459999,17.370001000000002,17.4,17.4,46300
884,2019-07-10,17.360001,17.48,17.309998999999998,17.42,17.42,387500
885,2019-07-11,17.42,17.559998999999998,17.42,17.450001,17.450001,160200
886,2019-07-12,18.049999,18.049999,17.540001,17.83,17.83,40500
887,2019-07-15,17.85,17.99,17.799999,17.889999,17.889999,107100
888,2019-07-16,17.540001,17.809998999999998,17.48,17.49,17.49,26500
889,2019-07-17,17.18,17.24,17.17,17.23,17.23,44400
890,2019-07-18,16.93,17.219998999999998,16.93,17.190001000000002,17.190001000000002,44600
891,2019-07-19,17.190001000000002,17.290001,17.190001000000002,17.219998999999998,17.219998999999998,45500
892,2019-07-22,17.1,17.1,17.0,17.07,17.07,75600
893,2019-07-23,17.43,17.43,17.17,17.219998999999998,17.219998999999998,151600
894,2019-07-24,17.23,17.530001000000002,17.23,17.34,17.34,26400
895,2019-07-25,17.35,17.450001,17.299999,17.299999,17.299999,39300
896,2019-07-26,17.190001000000002,17.209999,17.030001000000002,17.17,17.17,55100
897,2019-07-29,17.120001000000002,17.309998999999998,17.120001000000002,17.25,17.25,58900
898,2019-07-30,17.139999,17.389999,17.139999,17.299999,17.299999,40700
899,2019-07-31,17.110001,17.16,16.950001,17.030001000000002,17.030001000000002,50100
900,2019-08-01,16.950001,17.09,16.92,16.98,16.98,45500
901,2019-08-02,16.540001,17.23,16.540001,16.860001,16.860001,23700
902,2019-08-05,17.620001000000002,17.620001000000002,17.25,17.290001,17.290001,60100
903,2019-08-06,17.290001,17.41,17.25,17.41,17.41,245200
904,2019-08-07,17.370001000000002,17.530001000000002,17.370001000000002,17.530001000000002,17.530001000000002,62400
905,2019-08-08,17.33,17.709999,17.33,17.700001,17.700001,27300
906,2019-08-09,17.959999,17.959999,17.540001,17.6,17.6,43300
907,2019-08-12,17.65,17.65,17.49,17.49,17.49,48800
908,2019-08-13,17.52,17.52,17.440001000000002,17.459999,17.459999,56200
909,2019-08-14,17.389999,17.42,17.280001000000002,17.299999,17.299999,80200
910,2019-08-15,17.18,17.23,17.129998999999998,17.200001,17.200001,87000
911,2019-08-16,17.35,17.49,17.35,17.440001000000002,17.440001000000002,67100
912,2019-08-19,17.67,17.809998999999998,17.67,17.76,17.76,64300
913,2019-08-20,17.610001,17.68,17.59,17.620001000000002,17.620001000000002,89600
914,2019-08-21,17.469998999999998,17.49,17.4,17.459999,17.459999,58600
915,2019-08-22,17.049999,17.27,17.049999,17.200001,17.200001,30800
916,2019-08-23,16.959999,17.33,16.959999,17.17,17.17,54700
917,2019-08-26,17.32,17.32,17.190001000000002,17.26,17.26,34000
918,2019-08-27,17.129998999999998,17.48,17.129998999999998,17.459999,17.459999,80800
919,2019-08-28,17.67,17.709999,17.57,17.690001000000002,17.690001000000002,53500
920,2019-08-29,17.82,17.889999,17.790001,17.879998999999998,17.879998999999998,99000
921,2019-08-30,17.84,18.0,17.59,17.66,17.66,94000
922,2019-09-03,17.84,17.84,17.77,17.77,17.77,50200
923,2019-09-04,18.139999,18.18,18.110001,18.15,18.15,54800
924,2019-09-05,18.190001000000002,18.299999,18.190001000000002,18.26,18.26,16900
925,2019-09-06,17.83,18.049999,17.83,17.99,17.99,38800
926,2019-09-09,18.4,18.4,18.299999,18.34,18.34,47300
927,2019-09-10,18.469998999999998,18.549999,18.469998999999998,18.51,18.51,16400
928,2019-09-11,18.719998999999998,18.719998999999998,18.440001000000002,18.66,18.66,26100
929,2019-09-12,18.57,18.870001000000002,18.57,18.799999,18.799999,35400
930,2019-09-13,18.950001,19.0,18.950001,19.0,19.0,63900
931,2019-09-16,18.91,19.0,18.91,18.93,18.93,16600
932,2019-09-17,19.1,19.15,19.08,19.129998999999998,19.129998999999998,13400
933,2019-09-18,18.75,18.940001000000002,18.75,18.889999,18.889999,55500
934,2019-09-19,19.35,19.35,19.26,19.290001,19.290001,20800
935,2019-09-20,19.18,19.190001000000002,19.09,19.139999,19.139999,17700
936,2019-09-23,18.809998999999998,19.17,18.809998999999998,19.139999,19.139999,70900
937,2019-09-24,19.34,19.549999,19.26,19.469998999999998,19.469998999999998,27700
938,2019-09-25,19.42,19.42,19.27,19.360001,19.360001,17600
939,2019-09-26,19.370001000000002,19.370001000000002,19.24,19.27,19.27,21700
940,2019-09-27,19.030001000000002,19.049999,18.98,19.040001,19.040001,17400
941,2019-09-30,18.870001000000002,19.16,18.870001000000002,19.16,19.16,34700
942,2019-10-01,19.200001,19.389999,18.98,19.0,19.0,33700
943,2019-10-02,19.08,19.1,18.870001000000002,18.93,18.93,18900
944,2019-10-03,18.75,18.84,18.65,18.84,18.84,31400
945,2019-10-04,18.809998999999998,19.110001,18.809998999999998,19.0,19.0,42100
946,2019-10-07,19.32,19.32,19.219998999999998,19.24,19.24,22500
947,2019-10-08,18.860001,18.950001,18.809998999999998,18.84,18.84,22900
948,2019-10-09,19.15,19.24,19.09,19.09,19.09,22500
949,2019-10-10,19.07,19.6,19.07,19.41,19.41,23300
950,2019-10-11,19.889999,20.200001,19.889999,20.200001,20.200001,1600
951,2019-10-14,20.1,20.25,20.1,20.25,20.25,24000
952,2019-10-15,19.66,20.360001,19.66,20.32,20.32,31500
953,2019-10-16,20.200001,20.540001,20.190001000000002,20.190001000000002,20.190001000000002,111100
954,2019-10-17,19.99,19.99,19.76,19.940001000000002,19.940001000000002,29400
955,2019-10-18,19.59,19.65,19.559998999999998,19.65,19.65,64300
956,2019-10-21,19.58,19.879998999999998,19.58,19.809998999999998,19.809998999999998,18000
957,2019-10-22,19.889999,19.940001000000002,19.860001,19.889999,19.889999,14600
958,2019-10-23,20.26,20.26,19.969998999999998,20.040001,20.040001,29900
959,2019-10-24,19.52,19.57,19.440001000000002,19.469998999999998,19.469998999999998,16500
960,2019-10-25,19.42,19.68,19.42,19.58,19.58,14800
961,2019-10-28,19.469998999999998,19.549999,19.469998999999998,19.52,19.52,12000
962,2019-10-29,19.379998999999998,19.379998999999998,19.290001,19.33,19.33,16100
963,2019-10-30,19.280001000000002,19.41,19.15,19.290001,19.290001,21600
964,2019-10-31,18.790001,18.889999,18.790001,18.84,18.84,41400
965,2019-11-01,18.83,18.860001,18.75,18.75,18.75,34700
966,2019-11-04,18.41,18.889999,18.41,18.75,18.75,29700
967,2019-11-05,18.83,19.01,18.83,18.950001,18.950001,24800
968,2019-11-06,18.950001,19.139999,18.950001,19.120001000000002,19.120001000000002,22700
969,2019-11-07,19.290001,19.360001,19.27,19.280001000000002,19.280001000000002,16700
970,2019-11-08,18.91,19.23,18.91,19.16,19.16,19900
971,2019-11-11,19.42,19.450001,19.35,19.389999,19.389999,22700
972,2019-11-12,19.639999,19.639999,19.43,19.530001000000002,19.530001000000002,16200
973,2019-11-13,19.43,19.709999,19.280001000000002,19.59,19.59,21700
974,2019-11-14,19.309998999999998,19.559998999999998,19.309998999999998,19.549999,19.549999,28600
975,2019-11-15,19.48,19.58,19.48,19.58,19.58,33200
976,2019-11-18,19.02,19.09,19.02,19.09,19.09,24300
977,2019-11-19,19.120001000000002,19.120001000000002,18.59,18.74,18.74,35800
978,2019-11-20,18.879998999999998,18.950001,18.809998999999998,18.860001,18.860001,27100
979,2019-11-21,18.33,18.690001000000002,18.07,18.66,18.66,41300
980,2019-11-22,18.91,18.969998999999998,18.9,18.92,18.92,33700
981,2019-11-25,19.15,19.15,19.02,19.1,19.1,35100
982,2019-11-26,18.99,19.07,18.99,19.030001000000002,19.030001000000002,33800
983,2019-11-27,18.58,18.92,18.58,18.780001000000002,18.780001000000002,42400
984,2019-11-29,18.65,18.65,18.549999,18.6,18.6,31300
985,2019-12-02,18.68,18.68,18.5,18.6,18.6,59100
986,2019-12-03,18.48,18.639999,18.48,18.639999,18.639999,74500
987,2019-12-04,18.77,18.799999,18.74,18.76,18.76,19100
988,2019-12-05,18.85,18.85,18.75,18.77,18.77,34800
989,2019-12-06,18.540001,18.83,18.540001,18.809998999999998,18.809998999999998,28000
990,2019-12-09,18.690001000000002,18.77,18.639999,18.68,18.68,43800
991,2019-12-10,18.530001000000002,18.950001,18.41,18.58,18.58,90700
992,2019-12-11,18.540001,18.799999,18.51,18.73,18.73,49100
993,2019-12-12,18.49,18.629998999999998,18.469998999999998,18.52,18.52,56200
994,2019-12-13,18.370001000000002,18.58,18.370001000000002,18.540001,18.540001,59400
995,2019-12-16,18.57,18.610001,18.530001000000002,18.6,18.6,42200
996,2019-12-17,18.459999,18.629998999999998,18.35,18.6,18.6,79000
997,2019-12-18,18.549999,18.620001000000002,18.48,18.5,18.5,69800
998,2019-12-19,18.450001,18.549999,18.43,18.549999,18.549999,31900
999,2019-12-20,18.32,18.469998999999998,18.32,18.450001,18.450001,192600
1000,2019-12-23,18.360001,18.66,18.360001,18.610001,18.610001,55700
1001,2019-12-24,18.15,18.43,18.15,18.379998999999998,18.379998999999998,29000
1002,2019-12-26,18.280001000000002,18.370001000000002,18.280001000000002,18.299999,18.299999,50500
1003,2019-12-27,18.690001000000002,18.690001000000002,18.280001000000002,18.389999,18.389999,55100
1004,2019-12-30,17.940001000000002,18.290001,17.940001000000002,18.23,18.23,70900
1005,2019-12-31,18.290001,18.629998999999998,18.25,18.32,18.32,29600
